"Genes of polypeptide, complex, or RNA"	"Sequence - DNA sequence"	"Product"	"Accession-1"
"asnU"	TCCTCTGTAGTTCAGTCGGTAGAACGGCGGACTGTTAATCCGTATGTCACTGGTTCGAGTCCAGTCAGAGGAGCCA	"tRNA-Asn"	"ECDH10B_2130"
"sokC"	GTTCAGCATATAGGAGGCCTCGGGTTGATGGTAAAATATCACTCGGGGCTTTTCT	"regulatory antisense RNA"	"ECDH10B_0019"
"sraG"	ATCTTCTGCGCATCCTCGCGACTAATGACAACCCTAACCCAGCTCTATGTGGGTAAAGCCTCTCATTAGCCGCGCGAACCTCTGCAACGGAAGATCATTCATAGCAACAATACATTAGTTTCCAGTGAATTGCTGCCGTCAGCTTGAAAAAAGGGGCCACTCAGGCCCCCTTTT	"small RNA"	"ECDH10B_3338"
"valV"	GCGTTCATAGCTCAGTTGGTTAGAGCACCACCTTGACATGGTGGGGGTCGTTGGTTCGAGTCCAATTGAACGCACCA	"tRNA-Val"	"ECDH10B_1799"
"rrsE"	AAATTGAAGAGTTTGATCATGGCTCAGATTGAACGCTGGCGGCAGGCCTAACACATGCAAGTCGAACGGTAACAGGAAGAAGCTTGCTTCTTTGCTGACGAGTGGCGGACGGGTGAGTAATGTCTGGGAAACTGCCTGATGGAGGGGGATAACTACTGGAAACGGTAGCTAATACCGCATAACGTCGCAAGACCAAAGAGGGGGACCTTCGGGCCTCTTGCCATCGGATGTGCCCAGATGGGATTAGCTAGTAGGTGGGGTAACGGCTCACCTAGGCGACGATCCCTAGCTGGTCTGAGAGGATGACCAGCCACACTGGAACTGAGACACGGTCCAGACTCCTACGGGAGGCAGCAGTGGGGAATATTGCACAATGGGCGCAAGCCTGATGCAGCCATGCCGCGTGTATGAAGAAGGCCTTCGGGTTGTAAAGTACTTTCAGCGGGGAGGAAGGGAGTAAAGTTAATACCTTTGCTCATTGACGTTACCCGCAGAAGAAGCACCGGCTAACTCCGTGCCAGCAGCCGCGGTAATACGGAGGGTGCAAGCGTTAATCGGAATTACTGGGCGTAAAGCGCACGCAGGCGGTTTGTTAAGTCAGATGTGAAATCCCCGGGCTCAACCTGGGAACTGCATCTGATACTGGCAAGCTTGAGTCTCGTAGAGGGGGGTAGAATTCCAGGTGTAGCGGTGAAATGCGTAGAGATCTGGAGGAATACCGGTGGCGAAGGCGGCCCCCTGGACGAAGACTGACGCTCAGGTGCGAAAGCGTGGGGAGCAAACAGGATTAGATACCCTGGTAGTCCACGCCGTAAACGATGTCGACTTGGAGGTTGTGCCCTTGAGGCGTGGCTTCCGGAGCTAACGCGTTAAGTCGACCGCCTGGGGAGTACGGCCGCAAGGTTAAAACTCAAATGAATTGACGGGGGCCCGCACAAGCGGTGGAGCATGTGGTTTAATTCGATGCAACGCGAAGAACCTTACCTGGTCTTGACATCCACGGAAGTTTTCAGAGATGAGAATGTGCCTTCGGGAACCGTGAGACAGGTGCTGCATGGCTGTCGTCAGCTCGTGTTGTGAAATGTTGGGTTAAGTCCCGCAACGAGCGCAACCCTTATCCTTTGTTGCCAGCGGTCCGGCCGGGAACTCAAAGGAGACTGTTAGTGATAAACTGGAGGAAGGTGGGGATGACGTCAAGTCATCATGGCCCTTACGACCAGGGCTACACACGTGCTACAATGGCGCATACAAAGAGAAGCGACCTCGCGAGAGCAAGCGGACCTCATAAAGTGCGTCGTAGTCCGGATTGGAGTCTGCAACTCGACTCCATGAAGTCGGAATCGCTAGTAATCGTGGATCAGAATGCCACGGTGAATACGTTCCCGGGCCTTGTACACACCGCCCGTCACACCATGGGAGTGGGTTGCAAAAGAAGTAGGTAGCTTAACCTTCGGGAGGGCGCTTACCACTTTGTGATTCATGACTGGGGTGAAGTCGTAACAAGGTAACCGTAGGGGAACCTGCGGTTGGATCACCTCCTTA	"16S ribosomal RNA"	"ECDH10B_4196"
"asnW"	TCCTCTGTAGTTCAGTCGGTAGAACGGCGGACTGTTAATCCGTATGTCACTGGTTCGAGTCCAGTCAGAGGAGCCA	"tRNA-Asn"	"ECDH10B_2128"
"gcvB"	ACTTCCTGAGCCGGAACGAAAAGTTTTATCGGAATGCGTGTTCTGGTGAACTTTTGGCTTACGGTTGTGTTGTTGTGTTTGCAATTGGTCTGCGATTCAGACCATGGTAGCAAAGCTACCTTTTTTCACTTCCTGTACATTTACCCTGTCTGTCCATAGTGATTAATGTAGCACCGCCTAATTGCGGTGCTTTTTTTT	"regulatory RNA"	"ECDH10B_2978"
"serW"	GGTGAGGTGTCCGAGTGGCTGAAGGAGCACGCCTGGAAAGTGTGTATACGGCAACGTATCGGGGGTTCGAATCCCCCCCTCACCGCCA	"tRNA-Ser"	"ECDH10B_0953"
"alaT"	GGGGCTATAGCTCAGCTGGGAGAGCGCCTGCTTTGCACGCAGGAGGTCTGCGGTTCGATCCCGCATAGCTCCACCA	"tRNA-Ala"	"ECDH10B_4042"
"asnT"	TCCTCTGTAGTTCAGTCGGTAGAACGGCGGACTGTTAATCCGTATGTCACTGGTTCGAGTCCAGTCAGAGGAGCCA	"tRNA-Asn"	"ECDH10B_2120"
"ryfA"	GCGGCCCTTTCCGCCGTCTCGCAAACGGGCGCTGGCTTTAGGAAAGGATGTTCCGTGGCCGTAAATGCAGGTGTTTCACAGCGCTTGCTATCGCGGCAATATCGCCAGTGGTGCTGTCGTGATGCGGTCTTCGCATGGACCGCACAATGAAGATACGGTGCTTTTGTATCGTACTTATTGTTTCTGGTGCGCTGTTAACCGAGGTAAATAATAACCGGAGTCTCTCCGGCGACAATTTACTGGTGGTTAACAACCTTCAGAGCAGCAAGTAAGCCCGAATGCCGCCCTTTGGGCGGCATATTTT	"small RNA"	"ECDH10B_2688"
"metU"	GGCTACGTAGCTCAGTTGGTTAGAGCACATCACTCATAATGATGGGGTCACAGGTTCGAATCCCGTCGTAGCCACCA	"tRNA-Met"	"ECDH10B_0734"
"selC"	GGAAGATCGTCGTCTCCGGTGAGGCGGCTGGACTTCAAATCCAGTTGGGGCCGCCAGCGGTCCCGGGCAGGTTCGACTCCTGTGATCTTCCGCCA	"tRNA-Sec"	"ECDH10B_3840"
"asnV"	TCCTCTGTAGTTCAGTCGGTAGAACGGCGGACTGTTAATCCGTATGTCACTGGTTCGAGTCCAGTCAGAGGAGCCA	"tRNA-Asn"	"ECDH10B_2133"
"metY"	CGCGGGGTGGAGCAGCCTGGTAGCTCGTCGGGCTCATAACCCGAAGATCGTCGGTTCAAATCCGGCCCCCGCAACCA	"tRNA-Met"	"ECDH10B_3345"
"tff"	CGGACTTCCGATCCATTTCGTATACACAGACTGGACGGAAGCGACAATCTCACTTTGTGTAACAACACACACGTATCGGCACATATTCCGGGGTGCCCTTTGGGGTCGGTAATATGGGATACGTGGAGGCATAACC	"small RNA"	"ECDH10B_0148"
"cysT"	GGCGCGTTAACAAAGCGGTTATGTAGCGGATTGCAAATCCGTCTAGTCCGGTTCGACTCCGGAACGCGCCTCCA	"tRNA-Cys"	"ECDH10B_2051"
"valW"	GCGTCCGTAGCTCAGTTGGTTAGAGCACCACCTTGACATGGTGGGGGTCGGTGGTTCGAGTCCACTCGGACGCACCA	"tRNA-Val"	"ECDH10B_1800"
"gltV"	GTCCCCTTCGTCTAGAGGCCCAGGACACCGCCCTTTCACGGCGGTAACAGGGGTTCGAATCCCCTAGGGGACGCCA	"tRNA-Glu"	"ECDH10B_4197"
"valY"	GGGTGATTAGCTCAGCTGGGAGAGCACCTCCCTTACAAGGAGGGGGTCGGCGGTTCGATCCCGTCATCACCCACCA	"tRNA-Val"	"ECDH10B_2567"
"metZ"	CGCGGGGTGGAGCAGCCTGGTAGCTCGTCGGGCTCATAACCCGAAGGTCGTCGGTTCAAATCCGGCCCCCGCAACCA	"tRNA-Met"	"ECDH10B_2984"
"serT"	GGAAGTGTGGCCGAGCGGTTGAAGGCACCGGTCTTGAAAACCGGCGACCCGAAAGGGTTCCAGAGTTCGAATCTCTGCGCTTCCGCCA	"tRNA-Ser"	"ECDH10B_1041"
"rrlA"	GGTTAAGCGACTAAGCGTACACGGTGGATGCCCTGGCAGTCAGAGGCGATGAAGGACGTGCTAATCTGCGATAAGCGTCGGTAAGGTGATATGAACCGTTATAACCGGCGATTTCCGAATGGGGAAACCCAGTGTGTTTCGACACACTATCATTAACTGAATCCATAGGTTAATGAGGCGAACCGGGGGAACTGAAACATCTAAGTACCCCGAGGAAAAGAAATCAACCGAGATTCCCCCAGTAGCGGCGAGCGAACGGGGAGCAGCCCAGAGCCTGAATCAGTGTGTGTGTTAGTGGAAGCGTCTGGAAAGGCGTGCGATACAGGGTGACAGCCCCGTACACAAAAATGCACATGCTGTGAGCTCGATGAGTAGGGCGGGACACGTGGTATCCTGTCTGAATATGGGGGGACCATCCTCCAAGGCTAAATACTCCTGACTGACCGATAGTGAACCAGTACCGTGAGGGAAAGGCGAAAAGAACCCCGGCGAGGGGAGTGAAAAAGAACCTGAAACCGTGTACGTACAAGCAGTGGGAGCACGCTTAGGCGTGTGACTGCGTACCTTTTGTATAATGGGTCAGCGACTTATATTCTGTAGCAAGGTTAACCGAATAGGGGAGCCGAAGGGAAACCGAGTCTTAACTGGGCGTTAAGTTGCAGGGTATAGACCCGAAACCCGGTGATCTAGCCATGGGCAGGTTGAAGGTTGGGTAACACTAACTGGAGGACCGAACCGACTAATGTTGAAAAATTAGCGGATGACTTGTGGCTGGGGGTGAAAGGCCAATCAAACCGGGAGATAGCTGGTTCTCCCCGAAAGCTATTTAGGTAGCGCCTCGTGAATTCATCTCCGGGGGTAGAGCACTGTTTCGGCAAGGGGGTCATCCCGACTTACCAACCCGATGCAAACTGCGAATACCGGAGAATGTTATCACGGGAGACACACGGCGGGTGCTAACGTCCGTCGTGAAGAGGGAAACAACCCAGACCGCCAGCTAAGGTCCCAAAGTCATGGTTAAGTGGGAAACGATGTGGGAAGGCCCAGACAGCCAGGATGTTGGCTTAGAAGCAGCCATCATTTAAAGAAAGCGTAATAGCTCACTGGTCGAGTCGGCCTGCGCGGAAGATGTAACGGGGCTAAACCATGCACCGAAGCTGCGGCAGCGACACTATGTGTTGTTGGGTAGGGGAGCGTTCTGTAAGCCTGTGAAGGTGTGCTGTGAGGCATGCTGGAGGTATCAGAAGTGCGAATGCTGACATAAGTAACGATAAAGCGGGTGAAAAGCCCGCTCGCCGGAAGACCAAGGGTTCCTGTCCAACGTTAATCGGGGCAGGGTGAGTCGACCCCTAAGGCGAGGCCGAAAGGCGTAGTCGATGGGAAACAGGTTAATATTCCTGTACTTGGTGTTACTGCGAAGGGGGGACGGAGAAGGCTATGTTGGCCGGGCGACGGTTGTCCCGGTTTAAGCGTGTAGGCTGGTTTTCCAGGCAAATCCGGAAAATCAAGGCTGAGGCGTGATGACGAGGCACTACGGTGCTGAAGCAACAAATGCCCTGCTTCCAGGAAAAGCCTCTAAGCATCAGGTAACATCAAATCGTACCCCAAACCGACACAGGTGGTCAGGTAGAGAATACCAAGGCGCTTGAGAGAACTCGGGTGAAGGAACTAGGCAAAATGGTGCCGTAACTTCGGGAGAAGGCACGCTGATATGTAGGTGAAGCGACTTGCTCGTGGAGCTGAAATCAGTCGAAGATACCAGCTGGCTGCAACTGTTTATTAAAAACACAGCACTGTGCAAACACGAAAGTGGACGTATACGGTGTGACGCCTGCCCGGTGCCGGAAGGTTAATTGATGGGGTTAGCCGCAAGGCGAAGCTCTTGATCGAAGCCCCGGTAAACGGCGGCCGTAACTATAACGGTCCTAAGGTAGCGAAATTCCTTGTCGGGTAAGTTCCGACCTGCACGAATGGCGTAATGATGGCCAGGCTGTCTCCACCCGAGACTCAGTGAAATTGAACTCGCTGTGAAGATGCAGTGTACCCGCGGCAAGACGGAAAGACCCCGTGAACCTTTACTATAGCTTGACACTGAACATTGAGCCTTGATGTGTAGGATAGGTGGGAGGCTTTGAAGTGTGGACGCCAGTCTGCATGGAGCCGACCTTGAAATACCACCCTTTAATGTTTGATGTTCTAACGTTGACCCGTAATCCGGGTTGCGGACAGTGTCTGGTGGGTAGTTTGACTGGGGCGGTCTCCTCCTAAAGAGTAACGGAGGAGCACGAAGGTTGGCTAATCCTGGTCGGACATCAGGAGGTTAGTGCAATGGCATAAGCCAGCTTGACTGCGAGCGTGACGGCGCGAGCAGGTGCGAAAGCAGGTCATAGTGATCCGGTGGTTCTGAATGGAAGGGCCATCGCTCAACGGATAAAAGGTACTCCGGGGATAACAGGCTGATACCGCCCAAGAGTTCATATCGACGGCGGTGTTTGGCACCTCGATGTCGGCTCATCACATCCTGGGGCTGAAGTAGGTCCCAAGGGTATGGCTGTTCGCCATTTAAAGTGGTACGCGAGCTGGGTTTAGAACGTCGTGAGACAGTTCGGTCCCTATCTGCCGTGGGCGCTGGAGAACTGAGGGGGGCTGCTCCTAGTACGAGAGGACCGGAGTGGACGCATCACTGGTGTTCGGGTTGTCATGCCAATGGCACTGCCCGGTAGCTAAATGCGGAAGAGATAAGTGCTGAAAGCATCTAAGCACGAAACTTGCCCCGAGATGAGTTCTCCCTGACTCCTTGAGAGTCCTGAAGGAACGTTGAAGACGACGACGTTGATAGGCCGGGTGTGTAAGCGCAGCGATGCGTTGAGCTAACCGGTACTAATGAACCGTGAGGCTTAACCTT	"23S ribosomal RNA"	"ECDH10B_4043"
"valX"	GGGTGATTAGCTCAGCTGGGAGAGCACCTCCCTTACAAGGAGGGGGTCGGCGGTTCGATCCCGTCATCACCCACCA	"tRNA-Val"	"ECDH10B_2566"
"sroF"	AGTGGCTCATTCACCGACTTATGTCAGCCCCTTCGGGACGTGCTACATAAAATACGAATGACGCACAACAAGGTGCCTGCCGTCCAACTTCTGATATCAGCGTAGCTATATCAACCATCGGGCGAAACGTCGAGTTAGGCACCGCCTTA	"small RNA"	"ECDH10B_2724"
"glnW"	TGGGGTATCGCCAAGCGGTAAGGCACCGGTTTTTGATACCGGCATTCCCTGGTTCGAATCCAGGTACCCCAGCCA	"tRNA-Gln"	"ECDH10B_0735"
"rrsC"	AAATTGAAGAGTTTGATCATGGCTCAGATTGAACGCTGGCGGCAGGCCTAACACATGCAAGTCGAACGGTAACAGGAAACAGCTTGCTGTTTCGCTGACGAGTGGCGGACGGGTGAGTAATGTCTGGGAAACTGCCTGATGGAGGGGGATAACTACTGGAAACGGTAGCTAATACCGCATAACGTCGCAAGACCAAAGAGGGGGACCTTCGGGCCTCTTGCCATCAGATGTGCCCAGATGGGATTAGCTAGTAGGTGGGGTAACGGCTCACCTAGGCGACGATCCCTAGCTGGTCTGAGAGGATGACCAGCCACACTGGAACTGAGACACGGTCCAGACTCCTACGGGAGGCAGCAGTGGGGAATATTGCACAATGGGCGCAAGCCTGATGCAGCCATGCCGCGTGTATGAAGAAGGCCTTCGGGTTGTAAAGTACTTTCAGCGGGGAGGAAGGGAGTAAAGTTAATACCTTTGCTCATTGACGTTACCCGCAGAAGAAGCACCGGCTAACTCCGTGCCAGCAGCCGCGGTAATACGGAGGGTGCAAGCGTTAATCGGAATTACTGGGCGTAAAGCGCACGCAGGCGGTTTGTTAAGTCAGATGTGAAATCCCCGGGCTCAACCTGGGAACTGCATCTGATACTGGCAAGCTTGAGTCTCGTAGAGGGGGGTAGAATTCCAGGTGTAGCGGTGAAATGCGTAGAGATCTGGAGGAATACCGGTGGCGAAGGCGGCCCCCTGGACGAAGACTGACGCTCAGGTGCGAAAGCGTGGGGAGCAAACAGGATTAGATACCCTGGTAGTCCACGCCGTAAACGATGTCGACTTGGAGGTTGTGCCCTTGAGGCGTGGCTTCCGGAGCTAACGCGTTAAGTCGACCGCCTGGGGAGTACGGCCGCAAGGTTAAAACTCAAATGAATTGACGGGGGCCCGCACAAGCGGTGGAGCATGTGGTTTAATTCGATGCAACGCGAAGAACCTTACCTGGTCTTGACATCCACGGAAGTTTTCAGAGATGAGAATGTGCCTTCGGGAACCGTGAGACAGGTGCTGCATGGCTGTCGTCAGCTCGTGTTGTGAAATGTTGGGTTAAGTCCCGCAACGAGCGCAACCCTTATCCTTTGTTGCCAGCGGTCCGGCCGGGAACTCAAAGGAGACTGCCAGTGATAAACTGGAGGAAGGTGGGGATGACGTCAAGTCATCATGGCCCTTACGACCAGGGCTACACACGTGCTACAATGGCGCATACAAAGAGAAGCGACCTCGCGAGAGCAAGCGGACCTCATAAAGTGCGTCGTAGTCCGGATTGGAGTCTGCAACTCGACTCCATGAAGTCGGAATCGCTAGTAATCGTGGATCAGAATGCCACGGTGAATACGTTCCCGGGCCTTGTACACACCGCCCGTCACACCATGGGAGTGGGTTGCAAAAGAAGTAGGTAGCTTAACCTTCGGGAGGGCGCTTACCACTTTGTGATTCATGACTGGGGTGAAGTCGTAACAAGGTAACCGTAGGGGAACCTGCGGTTGGATCACCTCCTTA	"16S ribosomal RNA"	"ECDH10B_3945"
"valU"	GGGTGATTAGCTCAGCTGGGAGAGCACCTCCCTTACAAGGAGGGGGTCGGCGGTTCGATCCCGTCATCACCCACCA	"tRNA-Val"	"ECDH10B_2565"
"isrC"	ACGATCAATATCTATTTTATCGATCGTTTATATCGATCGATAAGCTAATAATAACCTTTGTCAGTAACATGCACAGATACGTACAGAAAGACATTCAGGGAACAACAGAACCACAATTCAGAAACTCCCACAGCCGGACCTCCGGCACTGTAACCCTTTACCTGCCGGTATCCACGTTTGTGGGTACCGGCTTTTTTATTCACC	"small RNA"	"ECDH10B_2145"
"rrsH"	AAATTGAAGAGTTTGATCATGGCTCAGATTGAACGCTGGCGGCAGGCCTAACACATGCAAGTCGAACGGTAACAGGAAGAAGCTTGCTTCTTTGCTGACGAGTGGCGGACGGGTGAGTAATGTCTGGGAAACTGCCTGATGGAGGGGGATAACTACTGGAAACGGTAGCTAATACCGCATAACGTCGCAAGACCAAAGAGGGGGACCTTCGGGCCTCTTGCCATCGGATGTGCCCAGATGGGATTAGCTAGTAGGTGGGGTAACGGCTCACCTAGGCGACGATCCCTAGCTGGTCTGAGAGGATGACCAGCCACACTGGAACTGAGACACGGTCCAGACTCCTACGGGAGGCAGCAGTGGGGAATATTGCACAATGGGCGCAAGCCTGATGCAGCCATGCCGCGTGTATGAAGAAGGCCTTCGGGTTGTAAAGTACTTTCAGCGGGGAGGAAGGGAGTAAAGTTAATACCTTTGCTCATTGACGTTACCCGCAGAAGAAGCACCGGCTAACTCCGTGCCAGCAGCCGCGGTAATACGGAGGGTGCAAGCGTTAATCGGAATTACTGGGCGTAAAGCGCACGCAGGCGGTTTGTTAAGTCAGATGTGAAATCCCCGGGCTCAACCTGGGAACTGCATCTGATACTGGCAAGCTTGAGTCTCGTAGAGGGGGGTAGAATTCCAGGTGTAGCGGTGAAATGCGTAGAGATCTGGAGGAATACCGGTGGCGAAGGCGGCCCCCTGGACGAAGACTGACGCTCAGGTGCGAAAGCGTGGGGAGCAAACAGGATTAGATACCCTGGTAGTCCACGCCGTAAACGATGTCGACTTGGAGGTTGTGCCCTTGAGGCGTGGCTTCCGGAGCTAACGCGTTAAGTCGACCGCCTGGGGAGTACGGCCGCAAGGTTAAAACTCAAATGAATTGACGGGGGCCCGCACAAGCGGTGGAGCATGTGGTTTAATTCGATGCAACGCGAAGAACCTTACCTGGTCTTGACATCCACAGAACTTTCCAGAGATGGATTGGTGCCTTCGGGAACTGTGAGACAGGTGCTGCATGGCTGTCGTCAGCTCGTGTTGTGAAATGTTGGGTTAAGTCCCGCAACGAGCGCAACCCTTATCTTTTGTTGCCAGCGGTCCGGCCGGGAACTCAAAGGAGACTGCCAGTGATAAACTGGAGGAAGGTGGGGATGACGTCAAGTCATCATGGCCCTTACGACCAGGGCTACACACGTGCTACAATGGCGCATACAAAGAGAAGCGACCTCGCGAGAGCAAGCGGACCTCATAAAGTGCGTCGTAGTCCGGATTGGAGTCTGCAACTCGACTCCATGAAGTCGGAATCGCTAGTAATCGTGGATCAGAATGCCACGGTGAATACGTTCCCGGGCCTTGTACACACCGCCCGTCACACCATGGGAGTGGGTTGCAAAAGAAGTAGGTAGCTTAACCTTCGGGAGGGCGCTTACCACTTTGTGATTCATGACTGGGGTGAAGTCGTAACAAGGTAACCGTAGGGGAACCTGCGGTTGGATCACCTCCTTA	"16S ribosomal RNA"	"ECDH10B_0182"
"leuU"	GCCGAGGTGGTGGAATTGGTAGACACGCTACCTTGAGGTGGTAGTGCCCAATAGGGCTTACGGGTTCAAGTCCCGTCCTCGGTACCA	"tRNA-Leu"	"ECDH10B_3348"
"valW"	GCGTCCGTAGCTCAGTTGGTTAGAGCACCACCTTGACATGGTGGGGGTCGGTGGTTCGAGTCCACTCGGACGCACCA	"tRNA-Val"	"ECDH10B_1800"
"alaT"	GGGGCTATAGCTCAGCTGGGAGAGCGCCTGCTTTGCACGCAGGAGGTCTGCGGTTCGATCCCGCATAGCTCCACCA	"tRNA-Ala"	"ECDH10B_4042"
"rydB"	ATTATTCTTATCGCCCCTTCAAGAGCTAAGCCACTGAGAGTGCCGGAGATAAGCGCCGGATGGGGTAG	"regulatory RNA"	"ECDH10B_1819"
"rrlE"	GGTTAAGCGACTAAGCGTACACGGTGGATGCCCTGGCAGTCAGAGGCGATGAAGGACGTGCTAATCTGCGATAAGCGTCGGTAAGGTGATATGAACCGTTATAACCGGCGATTTCCGAATGGGGAAACCCAGTGTGTTTCGACACACTATCATTAACTGAATCCATAGGTTAATGAGGCGAACCGGGGGAACTGAAACATCTAAGTACCCCGAGGAAAAGAAATCAACCGAGATTCCCCCAGTAGCGGCGAGCGAACGGGGAGCAGCCCAGAGCCTGAATCAGTGTGTGTGTTAGTGGAAGCGTCTGGAAAGGCGCGCGATACAGGGTGACAGCCCCGTACACAAAAATGCACATGCTGTGAGCTCGATGAGTAGGGCGGGACACGTGGTATCCTGTCTGAATATGGGGGGACCATCCTCCAAGGCTAAATACTCCTGACTGACCGATAGTGAACCAGTACCGTGAGGGAAAGGCGAAAAGAACCCCGGCGAGGGGAGTGAAAAAGAACCTGAAACCGTGTACGTACAAGCAGTGGGAGCACGCTTAGGCGTGTGACTGCGTACCTTTTGTATAATGGGTCAGCGACTTATATTCTGTAGCAAGGTTAACCGAATAGGGGAGCCGAAGGGAAACCGAGTCTTAACTGGGCGTTAAGTTGCAGGGTATAGACCCGAAACCCGGTGATCTAGCCATGGGCAGGTTGAAGGTTGGGTAACACTAACTGGAGGACCGAACCGACTAATGTTGAAAAATTAGCGGATGACTTGTGGCTGGGGGTGAAAGGCCAATCAAACCGGGAGATAGCTGGTTCTCCCCGAAAGCTATTTAGGTAGCGCCTCGTGAATTCATCTCCGGGGGTAGAGCACTGTTTCGGCAAGGGGGTCATCCCGACTTACCAACCCGATGCAAACTGCGAATACCGGAGAATGTTATCACGGGAGACACACGGCGGGTGCTAACGTCCGTCGTGAAGAGGGAAACAACCCAGACCGCCAGCTAAGGTCCCAAAGTCATGGTTAAGTGGGAAACGATGTGGGAAGGCCCAGACAGCCAGGATGTTGGCTTAGAAGCAGCCATCATTTAAAGAAAGCGTAATAGCTCACTGGTCGAGTCGGCCTGCGCGGAAGATGTAACGGGGCTAAACCATGCACCGAAGCTGCGGCAGCGACGCTTATGCGTTGTTGGGTAGGGGAGCGTTCTGTAAGCCTGCGAAGGTGTGCTGTGAGGCATGCTGGAGGTATCAGAAGTGCGAATGCTGACATAAGTAACGATAAAGCGGGTGAAAAGCCCGCTCGCCGGAAGACCAAGGGTTCCTGTCCAACGTTAATCGGGGCAGGGTGAGTCGACCCCTAAGGCGAGGCCGAAAGGCGTAGTCGATGGGAAACAGGTTAATATTCCTGTACTTGGTGTTACTGCGAAGGGGGGACGGAGAAGGCTATGTTGGCCGGGCGACGGTTGTCCCGGTTTAAGCGTGTAGGCTGGTTTTCCAGGCAAATCCGGAAAATCAAGGCTGAGGCGTGATGACGAGGCACTACGGTGCTGAAGCAACAAATGCCCTGCTTCCAGGAAAAGCCTCTAAGCATCAGGTAACATCAAATCGTACCCCAAACCGACACAGGTGGTCAGGTAGAGAATACCAAGGCGCTTGAGAGAACTCGGGTGAAGGAACTAGGCAAAATGGTGCCGTAACTTCGGGAGAAGGCACGCTGATATGTAGGTGAAGCGACTTGCTCGTGGAGCTGAAATCAGTCGAAGATACCAGCTGGCTGCAACTGTTTATTAAAAACACAGCACTGTGCAAACACGAAAGTGGACGTATACGGTGTGACGCCTGCCCGGTGCCGGAAGGTTAATTGATGGGGTTAGCGCAAGCGAAGCTCTTGATCGAAGCCCCGGTAAACGGCGGCCGTAACTATAACGGTCCTAAGGTAGCGAAATTCCTTGTCGGGTAAGTTCCGACCTGCACGAATGGCGTAATGATGGCCAGGCTGTCTCCACCCGAGACTCAGTGAAATTGAACTCGCTGTGAAGATGCAGTGTACCCGCGGCAAGACGGAAAGACCCCGTGAACCTTTACTATAGCTTGACACTGAACATTGAGCCTTGATGTGTAGGATAGGTGGGAGGCTTTGAAGTGTGGACGCCAGTCTGCATGGAGCCGACCTTGAAATACCACCCTTTAATGTTTGATGTTCTAACGTTGACCCGTAATCCGGGTTGCGGACAGTGTCTGGTGGGTAGTTTGACTGGGGCGGTCTCCTCCTAAAGAGTAACGGAGGAGCACGAAGGTTGGCTAATCCTGGTCGGACATCAGGAGGTTAGTGCAATGGCATAAGCCAGCTTGACTGCGAGCGTGACGGCGCGAGCAGGTGCGAAAGCAGGTCATAGTGATCCGGTGGTTCTGAATGGAAGGGCCATCGCTCAACGGATAAAAGGTACTCCGGGGATAACAGGCTGATACCGCCCAAGAGTTCATATCGACGGCGGTGTTTGGCACCTCGATGTCGGCTCATCACATCCTGGGGCTGAAGTAGGTCCCAAGGGTATGGCTGTTCGCCATTTAAAGTGGTACGCGAGCTGGGTTTAGAACGTCGTGAGACAGTTCGGTCCCTATCTGCCGTGGGCGCTGGAGAACTGAGGGGGGCTGCTCCTAGTACGAGAGGACCGGAGTGGACGCATCACTGGTGTTCGGGTTGTCATGCCAATGGCACTGCCCGGTAGCTAAATGCGGAAGAGATAAGTGCTGAAAGCATCTAAGCACGAAACTTGCCCCGAGATGAGTTCTCCCTGACTCCTTGAGAGTCCTGAAGGAACGTTGAAGACGACGACGTTGATAGGCCGGGTGTGTAAGCGCAGCGATGCGTTGAGCTAACCGGTACTAATGAACCGTGAGGCTTAACCTT	"23S ribosomal RNA"	"ECDH10B_4198"
"metW"	CGCGGGGTGGAGCAGCCTGGTAGCTCGTCGGGCTCATAACCCGAAGGTCGTCGGTTCAAATCCGGCCCCCGCAACCA	"tRNA-Met"	"ECDH10B_2985"
"valV"	GCGTTCATAGCTCAGTTGGTTAGAGCACCACCTTGACATGGTGGGGGTCGTTGGTTCGAGTCCAATTGAACGCACCA	"tRNA-Val"	"ECDH10B_1799"
"alaU"	GGGGCTATAGCTCAGCTGGGAGAGCGCCTGCTTTGCACGCAGGAGGTCTGCGGTTCGATCCCGCATAGCTCCACCA	"tRNA-Ala"	"ECDH10B_3451"
"serX"	GGTGAGGTGTCCGAGTGGCTGAAGGAGCACGCCTGGAAAGTGTGTATACGGCAACGTATCGGGGGTTCGAATCCCCCCCTCACCGCCA	"tRNA-Ser"	"ECDH10B_1104"
"rrfA"	TGCCTGGCGGCAGTAGCGCGGTGGTCCCACCTGACCCCATGCCGAACTCAGAAGTGAAACGCCGTAGCGCCGATGGTAGTGTGGGGTCTCCTCATGCGAGAGTAGGGAACTGCCAGGCAT	"5S ribosomal RNA"	"ECDH10B_4044"
"valZ"	GGGTGATTAGCTCAGCTGGGAGAGCACCTCCCTTACAAGGAGGGGGTCGGCGGTTCGATCCCGTCATCACCCACCA	"tRNA-Val"	"ECDH10B_0813"
"alaW"	GGGGCTATAGCTCAGCTGGGAGAGCGCTTGCATGGCATGCAAGAGGTCAGCGGTTCGATCCCGCTTAGCTCCACCA	"tRNA-Ala"	"ECDH10B_2561"
"rrfG"	TGCCTGGCGGCCGTAGCGCGGTGGTCCCACCTGACCCCATGCCGAACTCAGAAGTGAAACGCCGTAGCGCCGATGGTAGTGTGGGGTCTCCCCATGCGAGAGTAGGGAACTGCCAGGCAT	"5S ribosomal RNA"	"ECDH10B_2756"
"glnU"	TGGGGTATCGCCAAGCGGTAAGGCACCGGTTTTTGATACCGGCATTCCCTGGTTCGAATCCAGGTACCCCAGCCA	"tRNA-Gln"	"ECDH10B_0736"
"gltU"	GTCCCCTTCGTCTAGAGGCCCAGGACACCGCCCTTTCACGGCGGTAACAGGGGTTCGAATCCCCTAGGGGACGCCA	"tRNA-Glu"	"ECDH10B_3946"
"valT"	GGGTGATTAGCTCAGCTGGGAGAGCACCTCCCTTACAAGGAGGGGGTCGGCGGTTCGATCCCGTCATCACCCACCA	"tRNA-Val"	"ECDH10B_0811"
"alaX"	GGGGCTATAGCTCAGCTGGGAGAGCGCTTGCATGGCATGCAAGAGGTCAGCGGTTCGATCCCGCTTAGCTCCACCA	"tRNA-Ala"	"ECDH10B_2560"
"ryeC"	TTGACACTAAGGGCGGAGTGACATAATTTCAGGAGTGAGGGTTAGGGAGAGGTTTCCCCCTCCCCCTGGTGTTCTTAGTAAGCCTGGAAGCTAATCACTAAGAGTATCACCAGTATGATGACGTGCTTCATCATAACCCTTTCCTTATT	"small RNA"	"ECDH10B_2224"
"ileV"	AGGCTTGTAGCTCAGGTGGTTAGAGCGCACCCCTGATAAGGGTGAGGTCGGTGGTTCAAGTCCACTCAGGCCTACCA	"tRNA-Ile"	"ECDH10B_0183"
"hisR"	GGTGGCTATAGCTCAGTTGGTAGAGCCCTGGATTGTGATTCCAGTTGTCGTGGGTTCGAATCCCATTAGCCACCCCA	"tRNA-His"	"ECDH10B_3987"
"ryhA"	GTGCGGCCTGAAAAACAGTGCTGTGCCCTTGTAACTCATCATAATAATTTACGGCGCAGCCAAGATTTCCCTGGTGTTGGCGCAGTATTCGCGCACCCCGGTCTAGCC	"small RNA"	"ECDH10B_3384"
"alaV"	GGGGCTATAGCTCAGCTGGGAGAGCGCCTGCTTTGCACGCAGGAGGTCTGCGGTTCGATCCCGCATAGCTCCACCA	"tRNA-Ala"	"ECDH10B_0184"
"rprA"	ACGGTTATAAATCAACATATTGATTTATAAGCATGGAAATCCCCTGAGTGAAACAACGAATTGCTGTGTGTAGTCTTTGCCCATCTCCCACGATGGGCTTTTTTT	"regulatory RNA"	"ECDH10B_1824"
"rrfE"	TGCCTGGCGGCAGTAGCGCGGTGGTCCCACCTGACCCCATGCCGAACTCAGAAGTGAAACGCCGTAGCGCCGATGGTAGTGTGGGGTCTCCCCATGCGAGAGTAGGGAACTGCCAGGCAT	"5S ribosomal RNA"	"ECDH10B_4199"
"metV"	CGCGGGGTGGAGCAGCCTGGTAGCTCGTCGGGCTCATAACCCGAAGGTCGTCGGTTCAAATCCGGCCCCCGCAACCA	"tRNA-Met"	"ECDH10B_2986"
"lysV"	GGGTCGTTAGCTCAGTTGGTAGAGCAGTTGACTTTTAATCAATTGGTCGCAGGTTCGAATCCTGCACGACCCACCA	"tRNA-Lys"	"ECDH10B_2568"
"argX"	GCGCCCGTAGCTCAGCTGGATAGAGCGCTGCCCTCCGGAGGCAGAGGTCTCAGGTTCGAATCCTGTCGGGCGCGCCA	"tRNA-Arg"	"ECDH10B_3986"
"sraB"	TAGGCATATTTTTTTCCATCAGATATAGCGTATTGATGATAGCCATTTTAAACTATGCGCTTCGTTTTGCAGGTTGATGTTTGTTATCAGCACTGAACGAAAATAAAGCAGTAACCCGCAATGTGTGCGAATTATTGGCAAAAGGCAACCACAGGCTGCCTTTTTCTTT	"small RNA"	"ECDH10B_1159"
"spf"	GTAGGGTACAGAGGTAAGATGTTCTATCTTTCAGACCTTTTACTTCACGTAATCGGATTTGGCTGAATATTTTAGCCGCCCCAGTCAGTAATGACTGGGGCGTTTTTTA	"Spot 42 RNA"	"ECDH10B_4053"
"lysQ"	GGGTCGTTAGCTCAGTTGGTAGAGCAGTTGACTTTTAATCAATTGGTCGCAGGTTCGAATCCTGCACGACCCACCA	"tRNA-Lys"	"ECDH10B_0816"
"argV"	GCATCCGTAGCTCAGCTGGATAGAGTACTCGGCTACGAACCGAGCGGTCGGAGGTTCGAATCCTCCCGGATGCACCA	"tRNA-Arg"	"ECDH10B_2862"
"rrlG"	GGTTAAGCGACTAAGCGTACACGGTGGATGCCCTGGCAGTCAGAGGCGATGAAGGACGTGCTAATCTGCGATAAGCGTCGGTAAGGTGATATGAACCGTTATAACCGGCGATTTCCGAATGGGGAAACCCAGTGTGTTTCGACACACTATCATTAACTGAATCCATAGGTTAATGAGGCGAACCGGGGGAACTGAAACATCTAAGTACCCCGAGGAAAAGAAATCAACCGAGATTCCCCCAGTAGCGGCGAGCGAACGGGGAGCAGCCCAGAGCCTGAATCAGTGTGTGTGTTAGTGGAAGCGTCTGGAAAGGCGCGCGATACAGGGTGACAGCCCCGTACACAAAAATGCACATGCTGTGAGCTCGATGAGTAGGGCGGGACACGTGGTATCCTGTCTGAATATGGGGGGACCATCCTCCAAGGCTAAATACTCCTGACTGACCGATAGTGAACCAGTACCGTGAGGGAAAGGCGAAAAGAACCCCGGCGAGGGGAGTGAAAAAGAACCTGAAACCGTGTACGTACAAGCAGTGGGAGCACGCTTAGGCGTGTGACTGCGTACCTTTTGTATAATGGGTCAGCGACTTATATTCTGTAGCAAGGTTAACCGAATAGGGGAGCCGAAGGGAAACCGAGTCTTAACTGGGCGTTAAGTTGCAGGGTATAGACCCGAAACCCGGTGATCTAGCCATGGGCAGGTTGAAGGTTGGGTAACACTAACTGGAGGACCGAACCGACTAATGTTGAAAAATTAGCGGATGACTTGTGGCTGGGGGTGAAAGGCCAATCAAACCGGGAGATAGCTGGTTCTCCCCGAAAGCTATTTAGGTAGCGCCTCGTGAATTCATCTCCGGGGGTAGAGCACTGTTTCGGCAAGGGGGTCATCCCGACTTACCAACCCGATGCAAACTGCGAATACCGGAGAATGTTATCACGGGAGACACACGGCGGGTGCTAACGTCCGTCGTGAAGAGGGAAACAACCCAGACCGCCAGCTAAGGTCCCAAAGTCATGGTTAAGTGGGAAACGATGTGGGAAGGCCCAGACAGCCAGGATGTTGGCTTAGAAGCAGCCATCATTTAAAGAAAGCGTAATAGCTCACTGGTCGAGTCGGCCTGCGCGGAAGATGTAACGGGGCTAAACCATGCACCGAAGCTGCGGCAGCGACGCTTATGCGTTGTTGGGTAGGGGAGCGTTCTGTAAGCCTGCGAAGGTGTGCTGTGAGGCATGCTGGAGGTATCAGAAGTGCGAATGCTGACATAAGTAACGATAAAGCGGGTGAAAAGCCCGCTCGCCGGAAGACCAAGGGTTCCTGTCCAACGTTAATCGGGGCAGGGTGAGTCGACCCCTAAGGCGAGGCCGAAAGGCGTAGTCGATGGGAAACAGGTTAATATTCCTGTACTTGGTGTTACTGCGAAGGGGGGACGGAGAAGGCTATGTTGGCCGGGCGACGGTTGTCCCGGTTTAAGCGTGTAGGCTGGTTTTCCAGGCAAATCCGGAAAATCAAGGCTGAGGCGTGATGACGAGGCACTACGGTGCTGAAGCAACAAATGCCCTGCTTCCAGGAAAAGCCTCTAAGCATCAGGTAACATCAAATCGTACCCCAAACCGACACAGGTGGTCAGGTAGAGAATACCAAGGCGCTTGAGAGAACTCGGGTGAAGGAACTAGGCAAAATGGTGCCGTAACTTCGGGAGAAGGCACGCTGATATGTAGGTGAGGTCCCTCGCGGATGGAGCTGAAATCAGTCGAAGATACCAGCTGGCTGCAACTGTTTATTAAAAACACAGCACTGTGCAAACACGAAAGTGGACGTATACGGTGTGACGCCTGCCCGGTGCCGGAAGGTTAATTGATGGGGTTAGCGCAAGCGAAGCTCTTGATCGAAGCCCCGGTAAACGGCGGCCGTAACTATAACGGTCCTAAGGTAGCGAAATTCCTTGTCGGGTAAGTTCCGACCTGCACGAATGGCGTAATGATGGCCAGGCTGTCTCCACCCGAGACTCAGTGAAATTGAACTCGCTGTGAAGATGCAGTGTACCCGCGGCAAGACGGAAAGACCCCGTGAACCTTTACTATAGCTTGACACTGAACATTGAGCCTTGATGTGTAGGATAGGTGGGAGGCTTTGAAGTGTGGACGCCAGTCTGCATGGAGCCGACCTTGAAATACCACCCTTTAATGTTTGATGTTCTAACGTTGACCCGTAATCCGGGTTGCGGACAGTGTCTGGTGGGTAGTTTGACTGGGGCGGTCTCCTCCTAAAGAGTAACGGAGGAGCACGAAGGTTGGCTAATCCTGGTCGGACATCAGGAGGTTAGTGCAATGGCATAAGCCAGCTTGACTGCGAGCGTGACGGCGCGAGCAGGTGCGAAAGCAGGTCATAGTGATCCGGTGGTTCTGAATGGAAGGGCCATCGCTCAACGGATAAAAGGTACTCCGGGGATAACAGGCTGATACCGCCCAAGAGTTCATATCGACGGCGGTGTTTGGCACCTCGATGTCGGCTCATCACATCCTGGGGCTGAAGTAGGTCCCAAGGGTATGGCTGTTCGCCATTTAAAGTGGTACGCGAGCTGGGTTTAGAACGTCGTGAGACAGTTCGGTCCCTATCTGCCGTGGGCGCTGGAGAACTGAGGGGGGCTGCTCCTAGTACGAGAGGACCGGAGTGGACGCATCACTGGTGTTCGGGTTGTCATGCCAATGGCACTGCCCGGTAGCTAAATGCGGAAGAGATAAGTGCTGAAAGCATCTAAGCACGAAACTTGCCCCGAGATGAGTTCTCCCTGACCCTTTAAGGGTCCTGAAGGAACGTTGAAGACGACGACGTTGATAGGCCGGGTGTGTAAGCGCAGCGATGCGTTGAGCTAACCGGTACTAATGAACCGTGAGGCTTAACCTT	"23S ribosomal RNA"	"ECDH10B_2757"
"leuW"	GCGGGAGTGGCGAAATTGGTAGACGCACCAGATTTAGGTTCTGGCGCCGCAAGGTGTGCGAGTTCAAGTCTCGCCTCCCGCACCA	"tRNA-Leu"	"ECDH10B_0737"
"rrlC"	GGTTAAGCGACTAAGCGTACACGGTGGATGCCCTGGCAGTCAGAGGCGATGAAGGACGTGCTAATCTGCGATAAGCGTCGGTAAGGTGATATGAACCGTTATAACCGGCGATTTCCGAATGGGGAAACCCAGTGTGTTTCGACACACTATCATTAACTGAATCCATAGGTTAATGAGGCGAACCGGGGGAACTGAAACATCTAAGTACCCCGAGGAAAAGAAATCAACCGAGATTCCCCCAGTAGCGGCGAGCGAACGGGGAGCAGCCCAGAGCCTGAATCAGTATGTGTGTTAGTGGAAGCGTCTGGAAAGGCGCGCGATACAGGGTGACAGCCCCGTACACAAAAATGCACATATTGTGAGCTCGATGAGTAGGGCGGGACACGTGGTATCCTGTCTGAATATGGGGGGACCATCCTCCAAGGCTAAATACTCCTGACTGACCGATAGTGAACCAGTACCGTGAGGGAAAGGCGAAAAGAACCCCGGCGAGGGGAGTGAAAAAGAACCTGAAACCGTGTACGTACAAGCAGTGGGAGCACGCTTAGGCGTGTGACTGCGTACCTTTTGTATAATGGGTCAGCGACTTATATTCTGTAGCAAGGTTAACCGAATAGGGGAGCCGAAGGGAAACCGAGTCTTAACTGGGCGTTAAGTTGCAGGGTATAGACCCGAAACCCGGTGATCTAGCCATGGGCAGGTTGAAGGTTGGGTAACACTAACTGGAGGACCGAACCGACTAATGTTGAAAAATTAGCGGATGACTTGTGGCTGGGGGTGAAAGGCCAATCAAACCGGGAGATAGCTGGTTCTCCCCGAAAGCTATTTAGGTAGCGCCTCGTGAATTCATCTCCGGGGGTAGAGCACTGTTTCGGCAAGGGGGTCATCCCGACTTACCAACCCGATGCAAACTGCGAATACCGGAGAATGTTATCACGGGAGACACACGGCGGGTGCTAACGTCCGTCGTGAAGAGGGAAACAACCCAGACCGCCAGCTAAGGTCCCAAAGTCATGGTTAAGTGGGAAACGATGTGGGAAGGCCCAGACAGCCAGGATGTTGGCTTAGAAGCAGCCATCATTTAAAGAAAGCGTAATAGCTCACTGGTCGAGTCGGCCTGCGCGGAAGATGTAACGGGGCTAAACCATGCACCGAAGCTGCGGCAGCGACGCTTATGCGTTGTTGGGTAGGGGAGCGTTCTGTAAGCCTGCGAAGGTGTGCTGTGAGGCATGCTGGAGGTATCAGAAGTGCGAATGCTGACATAAGTAACGATAAAGCGGGTGAAAAGCCCGCTCGCCGGAAGACCAAGGGTTCCTGTCCAACGTTAATCGGGGCAGGGTGAGTCGACCCCTAAGGCGAGGCCGAAAGGCGTAGTCGATGGGAAACAGGTTAATATTCCTGTACTTGGTGTTACTGCGAAGGGGGGACGGAGAAGGCTATGTTGGCCGGGCGACGGTTGTCCCGGTTTAAGCGTGTAGGCTGGTTTTCCAGGCAAATCCGGAAAATCAAGGCTGAGGCGTGATGACGAGGCACTACGGTGCTGAAGCAACAAATGCCCTGCTTCCAGGAAAAGCCTCTAAGCATCAGGTAACATCAAATCGTACCCCAAACCGACACAGGTGGTCAGGTAGAGAATACCAAGGCGCTTGAGAGAACTCGGGTGAAGGAACTAGGCAAAATGGTGCCGTAACTTCGGGAGAAGGCACGCTGATATGTAGGTGAAGCGACTTGCTCGTGGAGCTGAAATCAGTCGAAGATACCAGCTGGCTGCAACTGTTTATTAAAAACACAGCACTGTGCAAACACGAAAGTGGACGTATACGGTGTGACGCCTGCCCGGTGCCGGAAGGTTAATTGATGGGGTCAGCGCAAGCGAAGCTCTTGATCGAAGCCCCGGTAAACGGCGGCCGTAACTATAACGGTCCTAAGGTAGCGAAATTCCTTGTCGGGTAAGTTCCGACCTGCACGAATGGCGTAATGATGGCCAGGCTGTCTCCACCCGAGACTCAGTGAAATTGAACTCGCTGTGAAGATGCAGTGTACCCGCGGCAAGACGGAAAGACCCCGTGAACCTTTACTATAGCTTGACACTGAACATTGAGCCTTGATGTGTAGGATAGGTGGGAGGCTTTGAAGTGTGGACGCCAGTCTGCATGGAGCCGACCTTGAAATACCACCCTTTAATGTTTGATGTTCTAACGTGGACCCGTGATCCGGGTTGCGGACAGTGTCTGGTGGGTAGTTTGACTGGGGCGGTCTCCTCCTAAAGAGTAACGGAGGAGCACGAAGGTTGGCTAATCCTGGTCGGACATCAGGAGGTTAGTGCAATGGCATAAGCCAGCTTGACTGCGAGCGTGACGGCGCGAGCAGGTGCGAAAGCAGGTCATAGTGATCCGGTGGTTCTGAATGGAAGGGCCATCGCTCAACGGATAAAAGGTACTCCGGGGATAACAGGCTGATACCGCCCAAGAGTTCATATCGACGGCGGTGTTTGGCACCTCGATGTCGGCTCATCACATCCTGGAGCTGAAGTAGGTCCCAAGGGTATGGCTGTTCGCCATTTAAAGTGGTACGCGAGCTGGGTTTAGAACGTCGTGAGACAGTTCGGTCCCTATCTGCCGTGGGCGCTGGAGAACTGAGGGGGGCTGCTCCTAGTACGAGAGGACCGGAGTGGACGCATCACTGGTGTTCGGGTTGTCATGCCAATGGCACTGCCCGGTAGCTAAATGCGGAAGAGATAAGTGCTGAAAGCATCTAAGCACGAAACTTGCCCCGAGATGAGTTCTCCCTGACTCCTTGAGAGTCCTGAAGGAACGTTGAAGACGACGACGTTGATAGGCCGGGTGTGTAAGCGCAGCGATGCGTTGAGCTAACCGGTACTAATGAACCGTGAGGCTTAACCTT	"23S ribosomal RNA"	"ECDH10B_3947"
"lysZ"	GGGTCGTTAGCTCAGTTGGTAGAGCAGTTGACTTTTAATCAATTGGTCGCAGGTTCGAATCCTGCACGACCCACCA	"tRNA-Lys"	"ECDH10B_0815"
"argY"	GCATCCGTAGCTCAGCTGGATAGAGTACTCGGCTACGAACCGAGCGGTCGGAGGTTCGAATCCTCCCGGATGCACCA	"tRNA-Arg"	"ECDH10B_2861"
"ryeD"	TTGACAATCTTATCGTGAAGGCATACTTTCAGGAGTGAGGGTAGAGCGGGGTTTCCCCCGCCCTGGTAGTCTTAGTAAGCGGGGAAGCTTATGACTAAGAGCACCACGATGATGAGTAGCTTCATCATGACCCTTTCCTTATT	"small RNA"	"ECDH10B_2225"
"rrfF"	TGTCTGGCGGCAGTAGCGCGGTGGTCCCACCTGACCCCATGCCGAACTCAGAAGTGAAACGCCGTAGCGCCGATGGTAGTGTGGGGTCTCCCCATGCGAGAGTAGGGAACTGCCAGACAT	"5S ribosomal RNA"	"ECDH10B_3447"
"alaV"	GGGGCTATAGCTCAGCTGGGAGAGCGCCTGCTTTGCACGCAGGAGGTCTGCGGTTCGATCCCGCATAGCTCCACCA	"tRNA-Ala"	"ECDH10B_0184"
"lysY"	GGGTCGTTAGCTCAGTTGGTAGAGCAGTTGACTTTTAATCAATTGGTCGCAGGTTCGAATCCTGCACGACCCACCA	"tRNA-Lys"	"ECDH10B_0814"
"argZ"	GCATCCGTAGCTCAGCTGGATAGAGTACTCGGCTACGAACCGAGCGGTCGGAGGTTCGAATCCTCCCGGATGCACCA	"tRNA-Arg"	"ECDH10B_2860"
"ryeA"	AAAGTCAGCGAAGGAAATGCTTCTGGCTTTTAACAGATAAAAAGAGACCGAACACGATTCCTGTATTCGGTCCAGGGAAATGGCTCTTGGGAGAGAGCCGTGCGCTAAAAGTTGGCATTAATGCAGGCTTAGTTGCCTTGCCCTTTAAGAATAGATGACGACGCCAGGTTTTCCAGTTTGCGTGCAAAATGGTCAATAAAAAGCGTGGTGGTCATCAGCTGAAATGTTAAAAACCGCCCGTTCTGGTGA	"small RNA"	"ECDH10B_1978"
"ryjA"	ATCAACACCAACCGGAACCTCCACCACGTGCTCGAATGAGGTGTGTTGACGTCGGGGGAAACCCTCCTGTGTACCAGCGGGATAGAGAGAAAGACAAAGACCGGAAAACAAACTAAAGCGCCCTTGTGGCGCTTTAGTTT	"small RNA"	"ECDH10B_4253"
"argQ"	GCATCCGTAGTTCAGCTGGATAGAGTACTCGGCTACGAACCGAGCGGTCGGAGGTTCGAATCCTCCCGGATGCACCA	"tRNA-Arg"	"ECDH10B_2859"
"lysW"	GGGTCGTTAGCTCAGTTGGTAGAGCAGTTGACTTTTAATCAATTGGTCGCAGGTTCGAATCCTGCACGACCCACCA	"tRNA-Lys"	"ECDH10B_0812"
"rygA"	CCCAGAGGTATTGATTGGTGAGATTATTCGGTACGCTCTTCGTACCCTGTCTCTTGCACCAACCTGCGCGGATGCGCAGGTTTTTTTT	"small RNA"	"ECDH10B_3007"
"rdlA"	GTTCTGGTTCAAGATTAGCCCCCGTTCTGTTGTCAGGTTGTACCTCTCAACGTGCGGGGGTTTTCTC	"regulatory antisense RNA"	"ECDH10B_1270"
"csrC"	ATAGAGCGAGGACGCTAACAGGAACAATGACTCAGGATGAGGGTCAGGAGCGCCAGGAGGCGAAGACAGAGGATTGTCAGGAAGACAAACGTCCGGAGACGTAATTAAACGGAAATGGAATCAACACGGATTGTTCCGGCTAAAGGAAAAACAGGGTGTGTTGGCGGCCTGCAAGGATTGTAAGACCCGTTAAGGGTTATGAGTCAGGAAAAAAGGCGACAGAGTAATCTGTCGCCTTTTTTCTT	"regulatory RNA"	"ECDH10B_4055"
"lysT"	GGGTCGTTAGCTCAGTTGGTAGAGCAGTTGACTTTTAATCAATTGGTCGCAGGTTCGAATCCTGCACGACCCACCA	"tRNA-Lys"	"ECDH10B_0810"
"argW"	GTCCTCTTAGTTAAATGGATATAACGAGCCCCTCCTAAGGGCTAATTGCAGGTTCGATTCCTGCAGGGGACACCA	"tRNA-Arg"	"ECDH10B_2511"
"gltW"	GTCCCCTTCGTCTAGAGGCCCAGGACACCGCCCTTTCACGGCGGTAACAGGGGTTCGAATCCCCTAGGGGACGCCA	"tRNA-Glu"	"ECDH10B_2758"
"metT"	GGCTACGTAGCTCAGTTGGTTAGAGCACATCACTCATAATGATGGGGTCACAGGTTCGAATCCCGTCGTAGCCACCA	"tRNA-Met"	"ECDH10B_0738"
"rrfC"	TGCCTGGCGGCCGTAGCGCGGTGGTCCCACCTGACCCCATGCCGAACTCAGAAGTGAAACGCCGTAGCGCCGATGGTAGTGTGGGGTCTCCCCATGCGAGAGTAGGGAACTGCCAGGCAT	"5S ribosomal RNA"	"ECDH10B_3948"
"proM"	CGGCGAGTAGCGCAGCTTGGTAGCGCAACTGGTTTGGGACCAGTGGGTCGGAGGTTCGAATCCTCTCTCGCCGACCA	"tRNA-Pro"	"ECDH10B_3989"
"argU"	GCGCCCTTAGCTCAGTTGGATAGAGCAACGACCTTCTAAGTCGTGGGCCGCAGGTTCGAATCCTGCAGGGCGCGCCA	"tRNA-Arg"	"ECDH10B_0492"
"ryeE"	TCGCTGAAAAACATAACCCATAAAATGCTAGCTGTACCAGGAACCACCTCCTTAGCCTGTGTAATCTCCCTTACACGGGCTTATTT	"small RNA"	"ECDH10B_2234"
"rrlH"	GGTTAAGCGACTAAGCGTACACGGTGGATGCCCTGGCAGTCAGAGGCGATGAAGGACGTGCTAATCTGCGATAAGCGTCGGTAAGGTGATATGAACCGTTATAACCGGCGATTTCCGAATGGGGAAACCCAGTGTGTTTCGACACACTATCATTAACTGAATCCATAGGTTAATGAGGCGAACCGGGGGAACTGAAACATCTAAGTACCCCGAGGAAAAGAAATCAACCGAGATTCCCCCAGTAGCGGCGAGCGAACGGGGAGGAGCCCAGAGCCTGAATCAGTGTGTGTGTTAGTGGAAGCGTCTGGAAAGGCGCGCGATACAGGGTGACAGCCCCGTACACAAAAATGCACATGCTGTGAGCTCGATGAGTAGGGCGGGACACGTGGTATCCTGTCTGAATATGGGGGGACCATCCTCCAAGGCTAAATACTCCTGACTGACCGATAGTGAACCAGTACCGTGAGGGAAAGGCGAAAAGAACCCCGGCGAGGGGAGTGAAAAAGAACCTGAAACCGTGTACGTACAAGCAGTGGGAGCATGCTTAGGCGTGTGACTGCGTACCTTTTGTATAATGGGTCAGCGACTTATATTCTGTAGCAAGGTTAACCGAATAGGGGAGCCGAAGGGAAACCGAGTCTTAACTGGGCGTTAAGTTGCAGGGTATAGACCCGAAACCCGGTGATCTAGCCATGGGCAGGTTGAAGGTTGGGTAACACTAACTGGAGGACCGAACCGACTAATGTTGAAAAATTAGCGGATGACTTGTGGCTGGGGGTGAAAGGCCAATCAAACCGGGAGATAGCTGGTTCTCCCCGAAAGCTATTTAGGTAGCGCCTCGTGAACTCATCTCCGGGGGTAGAGCACTGTTTCGGCAAGGGGGTCATCCCGACTTACCAACCCGATGCAAACTGCGAATACCGGAGAATGTTATCACGGGAGACACACGGCGGGTGCTAACGTCCGTCGTGAAGAGGGAAACAACCCAGACCGCCAGCTAAGGTCCCAAAGTCATGGTTAAGTGGGAAACGATGTGGGAAGGCCCAGACAGCCAGGATGTTGGCTTAGAAGCAGCCATCATTTAAAGAAAGCGTAATAGCTCACTGGTCGAGTCGGCCTGCGCGGAAGATGTAACGGGGCTAAACCATGCACCGAAGCTGCGGCAGCGACGCTTATGCGTTGTTGGGTAGGGGAGCGTTCTGTAAGCCTGTGAAGGTGTACTGTGAGGTATGCTGGAGGTATCAGAAGTGCGAATGCTGACATAAGTAACGATAAAGCGGGTGAAAAGCCCGCTCGCCGGAAGACCAAGGGTTCCTGTCCAACGTTAATCGGGGCAGGGTGAGTCGACCCCTAAGGCGAGGCCGAAAGGCGTAGTCGATGGGAAACAGGTTAATATTCCTGTACTTGGTGTTACTGCGAAGGGGGGACGGAGAAGGCTATGTTGGCCGGGCGACGGTTGTCCCGGTTTAAGCGTGTAGGCTGGTTTTCCAGGCAAATCCGGAAAATCAAGGCTGAGGCGTGATGACGAGGCACTACGGTGCTGAAGCAACAAATGCCCTGCTTCCAGGAAAAGCCTCTAAGCATCAGGTAACATCAAATCGTACCCCAAACCGACACAGGTGGTCAGGTAGAGAATACCAAGGCGCTTGAGAGAACTCGGGTGAAGGAACTAGGCAAAATGGTGCCGTAACTTCGGGAGAAGGCACGCTGATATGTAGGTGAAGCGACTTGCTCGTGGAGCTGAAATCAGTCGAAGATACCAGCTGGCTGCAACTGTTTATTAAAAACACAGCACTGTGCAAACACGAAAGTGGACGTATACGGTGTGACGCCTGCCCGGTGCCGGAAGGTTAATTGATGGGGTTAGCGCAAGCGAAGCTCTTGATCGAAGCCCCGGTAAACGGCGGCCGTAACTATAACGGTCCTAAGGTAGCGAAATTCCTTGTCGGGTAAGTTCCGACCTGCACGAATGGCGTAATGATGGCCAGGCTGTCTCCACCCGAGACTCAGTGAAATTGAACTCGCTGTGAAGATGCAGTGTACCCGCGGCAAGACGGAAAGACCCCGTGAACCTTTACTATAGCTTGACACTGAACATTGAGCCTTGATGTGTAGGATAGGTGGGAGGCTTTGAAGTGTGGACGCCAGTCTGCATGGAGCCGACCTTGAAATACCACCCTTTAATGTTTGATGTTCTAACGTTGACCCGTAATCCGGGTTGCGGACAGTGTCTGGTGGGTAGTTTGACTGGGGCGGTCTCCTCCTAAAGAGTAACGGAGGAGCACGAAGGTTGGCTAATCCTGGTCGGACATCAGGAGGTTAGTGCAATGGCATAAGCCAGCTTGACTGCGAGCGTGACGGCGCGAGCAGGTGCGAAAGCAGGTCATAGTGATCCGGTGGTTCTGAATGGAAGGGCCATCGCTCAACGGATAAAAGGTACTCCGGGGATAACAGGCTGATACCGCCCAAGAGTTCATATCGACGGCGGTGTTTGGCACCTCGATGTCGGCTCATCACATCCTGGGGCTGAAGTAGGTCCCAAGGGTATGGCTGTTCGCCATTTAAAGTGGTACGCGAGCTGGGTTTAGAACGTCGTGAGACAGTTCGGTCCCTATCTGCCGTGGGCGCTGGAGAACTGAGGGGGGCTGCTCCTAGTACGAGAGGACCGGAGTGGACGCATCACTGGTGTTCGGGTTGTCATGCCAATGGCACTGCCCGGTAGCTAAATGCGGAAGAGATAAGTGCTGAAAGCATCTAAGCACGAAACTTGCCCCGAGATGAGTTCTCCCTGACTCCTTGAGAGTCCTGAAGGAACGTTGAAGACGACGACGTTGATAGGCCGGGTGTGTAAGCGCAGCGATGCGTTGAGCTAACCGGTACTAATGAACCGTGAGGCTTAACCTT	"23S ribosomal RNA"	"ECDH10B_0185"
"thrV"	GCTGATATGGCTCAGTTGGTAGAGCGCACCCTTGGTAAGGGTGAGGTCCCCAGTTCGACTCTGGGTATCAGCACCA	"tRNA-Thr"	"ECDH10B_3448"
"tyrU"	GGTGGGGTTCCCGAGCGGCCAAAGGGAGCAGACTGTAAATCTGCCGTCACAGACTTCGAAGGTTCGAATCCTTCCCCCACCACCA	"tRNA-Tyr"	"ECDH10B_4165"
"ryeB"	GCTGATGACCACCACGCTTTTTATTGACCATTTTGCACGCAAACTGGAAAACCTGGCGTCGTCATCTATTCTTAAAGGGCAAGGCAACTAAGCCTGCATTAATGCCAACTTTTAGCGCACG	"small RNA"	"ECDH10B_1979"
"pheU"	GCCCGGATAGCTCAGTCGGTAGAGCAGGGGATTGAAAATCCCCGTGTCCTTGGTTCGATTCCGAGTCCGGGCACCA	"tRNA-Phe"	"ECDH10B_4327"
"tyrT"	GGTGGGGTTCCCGAGCGGCCAAAGGGAGCAGACTGTAAATCTGCCGTCATCGACTTCGAAGGTTCGAATCCTTCCCCCACCACCA	"tRNA-Tyr"	"ECDH10B_1291"
"proK"	CGGTGATTGGCGCAGCCTGGTAGCGCACTTCGTTCGGGACGAAGGGGTCGGAGGTTCGAATCCTCTATCACCGACCA	"tRNA-Pro"	"ECDH10B_3724"
"rygB"	CCCAGAGGTATTGATAGGTGAAGTCAACTTCGGGTTGAGCACATGAATTACACCAGCCTGCGCAGATGCGCAGGTT	"small RNA"	"ECDH10B_3008"
"rdlB"	GTCTGGTTTCAAGATTAGCCCCCGTTCTGTTGTCAGGTTTTACCTCTCAACGTGCGGGGGTTTTCT	"regulatory antisense RNA"	"ECDH10B_1272"
"oxyS"	GAAACGGAGCGGCACCTCTTTTAACCCTTGAAGTCACTGCCCGTTTCGAGAGTTTCTCAACTCGAATAACTAAAGCCAACGTGAACTTTTGCGGATCTCCAGGATCCGCT	"global regulatory RNA"	"ECDH10B_4149"
"tyrV"	GGTGGGGTTCCCGAGCGGCCAAAGGGAGCAGACTGTAAATCTGCCGTCATCGACTTCGAAGGTTCGAATCCTTCCCCCACCACCA	"tRNA-Tyr"	"ECDH10B_1290"
"rrsG"	AAATTGAAGAGTTTGATCATGGCTCAGATTGAACGCTGGCGGCAGGCCTAACACATGCAAGTCGAACGGTAACAGGAAGCAGCTTGCTGCTTCGCTGACGAGTGGCGGACGGGTGAGTAATGTCTGGGAAGCTGCCTGATGGAGGGGGATAACTACTGGAAACGGTAGCTAATACCGCATAATGTCGCAAGACCAAAGAGGGGGACCTTCGGGCCTCTTGCCATCGGATGTGCCCAGATGGGATTAGCTTGTTGGTGGGGTAACGGCTCACCAAGGCGACGATCCCTAGCTGGTCTGAGAGGATGACCAGCCACACTGGAACTGAGACACGGTCCAGACTCCTACGGGAGGCAGCAGTGGGGAATATTGCACAATGGGCGCAAGCCTGATGCAGCCATGCCGCGTGTATGAAGAAGGCCTTCGGGTTGTAAAGTACTTTCAGCGGGGAGGAAGGGAGTAAAGTTAATACCTTTGCTCATTGACGTTACCCGCAGAAGAAGCACCGGCTAACTCCGTGCCAGCAGCCGCGGTAATACGGAGGGTGCAAGCGTTAATCGGAATTACTGGGCGTAAAGCGCACGCAGGCGGTTTGTTAAGTCAGATGTGAAATCCCCGGGCTCAACCTGGGAACTGCATCTGATACTGGCAAGCTTGAGTCTCGTAGAGGGGGGTAGAATTCCAGGTGTAGCGGTGAAATGCGTAGAGATCTGGAGGAATACCGGTGGCGAAGGCGGCCCCCTGGACGAAGACTGACGCTCAGGTGCGAAAGCGTGGGGAGCAAACAGGATTAGATACCCTGGTAGTCCACGCCGTAAACGATGTCGACTTGGAGGTTGTGCCCTTGAGGCGTGGCTTCCGGAGCTAACGCGTTAAGTCGACCGCCTGGGGAGTACGGCCGCAAGGTTAAAACTCAAATGAATTGACGGGGGCCCGCACAAGCGGTGGAGCATGTGGTTTAATTCGATGCAACGCGAAGAACCTTACCTGGTCTTGACATCCACGGAAGTTTTCAGAGATGAGAATGTGCCTTCGGGAACCGTGAGACAGGTGCTGCATGGCTGTCGTCAGCTCGTGTTGTGAAATGTTGGGTTAAGTCCCGCAACGAGCGCAACCCTTATCCTTTGTTGCCAGCGGTCCGGCCGGGAACTCAAAGGAGACTGCCAGTGATAAACTGGAGGAAGGTGGGGATGACGTCAAGTCATCATGGCCCTTACGACCAGGGCTACACACGTGCTACAATGGCGCATACAAAGAGAAGCGACCTCGCGAGAGCAAGCGGACCTCATAAAGTGCGTCGTAGTCCGGATTGGAGTCTGCAACTCGACTCCATGAAGTCGGAATCGCTAGTAATCGTGGATCAGAATGCCACGGTGAATACGTTCCCGGGCCTTGTACACACCGCCCGTCACACCATGGGAGTGGGTTGCAAAAGAAGTAGGTAGCTTAACCTTCGGGAGGGCGCTTACCACTTTGTGATTCATGACTGGGGTGAAGTCGTAACAAGGTAACCGTAGGGGAACCTGCGGTTGGATCACCTCCTTA	"16S ribosomal RNA"	"ECDH10B_2759"
"lysT"	GGGTCGTTAGCTCAGTTGGTAGAGCAGTTGACTTTTAATCAATTGGTCGCAGGTTCGAATCCTGCACGACCCACCA	"tRNA-Lys"	"ECDH10B_0810"
"aspT"	GGAGCGGTAGTTCAGTCGGTTAGAATACCTGCCTGTCACGCAGGGGGTCGCGGGTTCGAGTCCCGTCCGTTCCGCCA	"tRNA-Asp"	"ECDH10B_3949"
"proL"	CGGCACGTAGCGCAGCCTGGTAGCGCACCGTCATGGGGTGTCGGGGGTCGGAGGTTCAAATCCTCTCGTGCCGACCA	"tRNA-Pro"	"ECDH10B_2347"
"leuQ"	GCGAAGGTGGCGGAATTGGTAGACGCGCTAGCTTCAGGTGTTAGTGTCCTTACGGACGTGGGGGTTCAAGTCCCCCCCCTCGCACCA	"tRNA-Leu"	"ECDH10B_4527"
"proL"	CGGCACGTAGCGCAGCCTGGTAGCGCACCGTCATGGGGTGTCGGGGGTCGGAGGTTCAAATCCTCTCGTGCCGACCA	"tRNA-Pro"	"ECDH10B_2347"
"rrfH"	TGCCTGGCGGCCGTAGCGCGGTGGTCCCACCTGACCCCATGCCGAACTCAGAAGTGAAACGCCGTAGCGCCGATGGTAGTGTGGGGTCTCCCCATGCGAGAGTAGGGAACTGCCAGGCAT	"5S ribosomal RNA"	"ECDH10B_0186"
"rrfD"	TGCCTGGCGGCCGTAGCGCGGTGGTCCCACCTGACCCCATGCCGAACTCAGAAGTGAAACGCCGTAGCGCCGATGGTAGTGTGGGGTCTCCCCATGCGAGAGTAGGGAACTGCCAGGCAT	"5S ribosomal RNA"	"ECDH10B_3449"
"leuP"	GCGAAGGTGGCGGAATTGGTAGACGCGCTAGCTTCAGGTGTTAGTGTTCTTACGGACGTGGGGGTTCAAGTCCCCCCCCTCGCACCA	"tRNA-Leu"	"ECDH10B_4526"
"isrB"	GACAATAACACCTGTATAACAAATGGTCGGAGTGCCGCGATGAAACTGCGCAAAATCCTGAAAAGTATGTTCAATAACTATTGCAAGACGTTCAAAGACGTACCGCCAGGCAATATGTTCCGATAACAAAAAACCTGCTCCGGCAGGTTTTTTTGTGTCC	"small RNA"	"ECDH10B_2044"
"glyV"	GCGGGAATAGCTCAGTTGGTAGAGCACGACCTTGCCAAGGTCGGGGTCGCGAGTTCGAGTCTCGTTTCCCGCTCCA	"tRNA-Gly"	"ECDH10B_4358"
"leuV"	GCGAAGGTGGCGGAATTGGTAGACGCGCTAGCTTCAGGTGTTAGTGTCCTTACGGACGTGGGGGTTCAAGTCCCCCCCCTCGCACCA	"tRNA-Leu"	"ECDH10B_4525"
"glyY"	GCGGGAATAGCTCAGTTGGTAGAGCACGACCTTGCCAAGGTCGGGGTCGCGAGTTCGAGTCTCGTTTCCCGCTCCA	"tRNA-Gly"	"ECDH10B_4360"
"glyU"	GCGGGCGTAGTTCAATGGTAGAACGAGAGCTTCCCAAGCTCTATACGAGGGTTCGATTCCCTTCGCCCGCTCCA	"tRNA-Gly"	"ECDH10B_3039"
"rdlC"	GTCTGGTTTCAAGATTAGCCCCCGTTTTGTTGTCAGGTTTTACCTCTCAACGTGCGGGGGTTTTCTCT	"regulatory antisense RNA"	"ECDH10B_1274"
"rrsB"	AAATTGAAGAGTTTGATCATGGCTCAGATTGAACGCTGGCGGCAGGCCTAACACATGCAAGTCGAACGGTAACAGGAAGAAGCTTGCTTCTTTGCTGACGAGTGGCGGACGGGTGAGTAATGTCTGGGAAACTGCCTGATGGAGGGGGATAACTACTGGAAACGGTAGCTAATACCGCATAACGTCGCAAAACCAAAGAGGGGGACCTTCGGGCCTCTTGCCATCGGATGTGCCCAGATGGGATTAGCTAGTAGGTGGGGTAACGGCTCACCTAGGCGACGATCCCTAGCTGGTCTGAGAGGATGACCAGCCACACTGGAACTGAGACACGGTCCAGACTCCTACGGGAGGCAGCAGTGGGGAATATTGCACAATGGGCGCAAGCCTGATGCAGCCATGCCGCGTGTATGAAGAAGGCCTTCGGGTTGTAAAGTACTTTCAGCGGGGAGGAAGGGAGTAAAGTTAATACCTTTGCTCATTGACGTTACCCGCAGAAGAAGCACCGGCTAACTCCGTGCCAGCAGCCGCGGTAATACGGAGGGTGCAAGCGTTAATCGGAATTACTGGGCGTAAAGCGCACGCAGGCGGTTTGTTAAGTCAGATGTGAAATCCCCGGGCTCAACCTGGGAACTGCATCTGATACTGGCAAGCTTGAGTCTCGTAGAGGGGGGTAGAATTCCAGGTGTAGCGGTGAAATGCGTAGAGATCTGGAGGAATACCGGTGGCGAAGGCGGCCCCCTGGACGAAGACTGACGCTCAGGTGCGAAAGCGTGGGGAGCAAACAGGATTAGATACCCTGGTAGTCCACGCCGTAAACGATGTCGACTTGGAGGTTGTGCCCTTGAGGCGTGGCTTCCGGAGCTAACGCGTTAAGTCGACCGCCTGGGGAGTACGGCCGCAAGGTTAAAACTCAAATGAATTGACGGGGGCCCGCACAAGCGGTGGAGCATGTGGTTTAATTCGATGCAACGCGAAGAACCTTACCTGGTCTTGACATCCACGGAAGTTTTCAGAGATGAGAATGTGCCTTCGGGAACCGTGAGACAGGTGCTGCATGGCTGTCGTCAGCTCGTGTTGTGAAATGTTGGGTTAAGTCCCGCAACGAGCGCAACCCTTATCCTTTGTTGCCAGCGGTCCGGCCGGGAACTCAAAGGAGACTGCCAGTGATAAACTGGAGGAAGGTGGGGATGACGTCAAGTCATCATGGCCCTTACGACCAGGGCTACACACGTGCTACAATGGCGCATACAAAGAGAAGCGACCTCGCGAGAGCAAGCGGACCTCATAAAGTGCGTCGTAGTCCGGATTGGAGTCTGCAACTCGACTCCATGAAGTCGGAATCGCTAGTAATCGTGGATCAGAATGCCACGGTGAATACGTTCCCGGGCCTTGTACACACCGCCCGTCACACCATGGGAGTGGGTTGCAAAAGAAGTAGGTAGCTTAACCTTCGGGAGGGCGCTTACCACTTTGTGATTCATGACTGGGGTGAAGTCGTAACAAGGTAACCGTAGGGGAACCTGCGGTTGGATCACCTCCTTA	"16S ribosomal RNA"	"ECDH10B_4157"
"leuX"	GCCGAAGTGGCGAAATCGGTAGACGCAGTTGATTCAAAATCAACCGTAGAAATACGTGCCGGTTCGAGTCCGGCCTTCGGCACCA	"tRNA-Leu"	"ECDH10B_4463"
"ileY"	GGCCCTTTAGCTCAGTGGTTAGAGCAGGCGACTCATAATCGCTTGGTCGCTGGTTCAAGTCCAGCAAGGGCCACCA	"tRNA-Ile"	"ECDH10B_2820"
"valT"	GGGTGATTAGCTCAGCTGGGAGAGCACCTCCCTTACAAGGAGGGGGTCGGCGGTTCGATCCCGTCATCACCCACCA	"tRNA-Val"	"ECDH10B_0811"
"trpT"	AGGGGCGTAGTTCAATTGGTAGAGCACCGGTCTCCAAAACCGGGTGTTGGGAGTTCGAGTCTCTCCGCCCCTGCCA	"tRNA-Trp"	"ECDH10B_3950"
"glyX"	GCGGGAATAGCTCAGTTGGTAGAGCACGACCTTGCCAAGGTCGGGGTCGCGAGTTCGAGTCTCGTTTCCCGCTCCA	"tRNA-Gly"	"ECDH10B_4359"
"leuT"	GCGAAGGTGGCGGAATTGGTAGACGCGCTAGCTTCAGGTGTTAGTGTCCTTACGGACGTGGGGGTTCAAGTCCCCCCCCTCGCACCA	"tRNA-Leu"	"ECDH10B_3988"
"micF"	GCTATCATCATTAACTTTATTTATTACCGTCATTCATTTCTGAATGTCTGTTTACCCCTATTTCAACCGGATGCCTCGCATTCGGTTTTTTTT	"regulatory antisense RNA"	"ECDH10B_2373"
"aspU"	GGAGCGGTAGTTCAGTCGGTTAGAATACCTGCCTGTCACGCAGGGGGTCGCGGGTTCGAGTCCCGTCCGTTCCGCCA	"tRNA-Asp"	"ECDH10B_0187"
"rrlD"	GGTTAAGCGACTAAGCGTACACGGTGGATGCCCTGGCAGTCAGAGGCGATGAAGGACGTGCTAATCTGCGATAAGCGTCGGTAAGGTGATATGAACCGTTATAACCGGCGATTTCCGAATGGGGAAACCCAGTGTGTTTCGACACACTATCATTAACTGAATCCATAGGTTAATGAGGCGAACCGGGGGAACTGAAACATCTAAGTACCCCGAGGAAAAGAAATCAACCGAGATTCCCCCAGTAGCGGCGAGCGAACGGGGAGCAGCCCAGAGCCTGAATCAGTGTGTGTGTTAGTGGAAGCGTCTGGAAAGGCGCGCGATACAGGGTGACAGCCCCGTACACAAAAATGCACATGCTGTGAGCTCGATGAGTAGGGCGGGACACGTGGTATCCTGTCTGAATATGGGGGGACCATCCTCCAAGGCTAAATACTCCTGACTGACCGATAGTGAACCAGTACCGTGAGGGAAAGGCGAAAAGAACCCCGGCGAGGGGAGTGAAAAAGAACCTGAAACCGTGTACGTACAAGCAGTGGGAGCACGCTTAGGCGTGTGACTGCGTACCTTTTGTATAATGGGTCAGCGACTTATATTCTGTAGCAAGGTTAACCGAATAGGGGAGCCGAAGGGAAACCGAGTCTTAACTGGGCGTTAAGTTGCAGGGTATAGACCCGAAACCCGGTGATCTAGCCATGGGCAGGTTGAAGGTTGGGTAACACTAACTGGAGGACCGAACCGACTAATGTTGAAAAATTAGCGGATGACTTGTGGCTGGGGGTGAAAGGCCAATCAAACCGGGAGATAGCTGGTTCTCCCCGAAAGCTATTTAGGTAGCGCCTCGTGAATTCATCTCCGGGGGTAGAGCACTGTTTCGGCAAGGGGGTCATCCCGACTTACCAACCCGATGCAAACTGCGAATACCGGAGAATGTTATCACGGGAGACACACGGCGGGTGCTAACGTCCGTCGTGAAGAGGGAAACAACCCAGACCGCCAGCTAAGGTCCCAAAGTCATGGTTAAGTGGGAAACGATGTGGGAAGGCCCAGACAGCCAGGATGTTGGCTTAGAAGCAGCCATCATTTAAAGAAAGCGTAATAGCTCACTGGTCGAGTCGGCCTGCGCGGAAGATGTAACGGGGCTAAACCATGCACCGAAGCTGCGGCAGCGACGCTTATGCGTTGTTGGGTAGGGGAGCGTTCTGTAAGCCTGCGAAGGTGTGCTGTGAGGCATGCTGGAGGTATCAGAAGTGCGAATGCTGACATAAGTAACGATAAAGCGGGTGAAAAGCCCGCTCGCCGGAAGACCAAGGGTTCCTGTCCAACGTTAATCGGGGCAGGGTGAGTCGACCCCTAAGGCGAGGCCGAAAGGCGTAGTCGATGGGAAACAGGTTAATATTCCTGTACTTGGTGTTACTGCGAAGGGGGGACGGAGAAGGCTATGTTGGCCGGGCGACGGTTGTCCCGGTTTAAGCGTGTAGGCTGGTTTTCCAGGCAAATCCGGAAAATCAAGGCTGAGGCGTGATGACGAGGCACTACGGTGCTGAAGCAACAAATGCCCTGCTTCCAGGAAAAGCCTCTAAGCATCAGGTAACATCAAATCGTACCCCAAACCGACACAGGTGGTCAGGTAGAGAATACCAAGGCGCTTGAGAGAACTCGGGTGAAGGAACTAGGCAAAATGGTGCCGTAACTTCGGGAGAAGGCACGCTGATATGTAGGTGAAGCGACTTGCTCGTGGAGCTGAAATCAGTCGAAGATACCAGCTGGCTGCAACTGTTTATTAAAAACACAGCACTGTGCAAACACGAAAGTGGACGTATACGGTGTGACGCCTGCCCGGTGCCGGAAGGTTAATTGATGGGGTTAGCGCAAGCGAAGCTCTTGATCGAAGCCCCGGTAAACGGCGGCCGTAACTATAACGGTCCTAAGGTAGCGAAATTCCTTGTCGGGTAAGTTCCGACCTGCACGAATGGCGTAATGATGGCCAGGCTGTCTCCACCCGAGACTCAGTGAAATTGAACTCGCTGTGAAGATGCAGTGTACCCGCGGCAAGACGGAAAGACCCCGTGAACCTTTACTATAGCTTGACACTGAACATTGAGCCTTGATGTGTAGGATAGGTGGGAGGCTTAGAAGTGTGGACGCCAGTCTGCATGGAGCCGACCTTGAAATACCACCCTTTAATGTTTGATGTTCTAACGTTGACCCGTAATCCGGGTTGCGGACAGTGTCTGGTGGGTAGTTTGACTGGGGCGGTCTCCTCCTAAAGAGTAACGGAGGAGCACGAAGGTTGGCTAATCCTGGTCGGACATCAGGAGGTTAGTGCAATGGCATAAGCCAGCTTGACTGCGAGCGTGACGGCGCGAGCAGGTGCGAAAGCAGGTCATAGTGATCCGGTGGTTCTGAATGGAAGGGCCATCGCTCAACGGATAAAAGGTACTCCGGGGATAACAGGCTGATACCGCCCAAGAGTTCATATCGACGGCGGTGTTTGGCACCTCGATGTCGGCTCATCACATCCTGGGGCTGAAGTAGGTCCCAAGGGTATGGCTGTTCGCCATTTAAAGTGGTACGCGAGCTGGGTTTAGAACGTCGTGAGACAGTTCGGTCCCTATCTGCCGTGGGCGCTGGAGAACTGAGGGGGGCTGCTCCTAGTACGAGAGGACCGGAGTGGACGCATCACTGGTGTTCGGGTTGTCATGCCAATGGCACTGCCCGGTAGCTAAATGCGGAAGAGATAAGTGCTGAAAGCATCTAAGCACGAAACTTGCCCCGAGATGAGTTCTCCCTGACCCTTTAAGGGTCCTGAAGGAACGTTGAAGACGACGACGTTGATAGGCCGGGTGTGTAAGCGCAGCGATGCGTTGAGCTAACCGGTACTAATGAACCGTGAGGCTTAACCTT	"23S ribosomal RNA"	"ECDH10B_3450"
"leuU"	GCCGAGGTGGTGGAATTGGTAGACACGCTACCTTGAGGTGGTAGTGCCCAATAGGGCTTACGGGTTCAAGTCCCGTCCTCGGTACCA	"tRNA-Leu"	"ECDH10B_3348"
"leuZ"	GCCCGGATGGTGGAATCGGTAGACACAAGGGATTTAAAATCCCTCGGCGTTCGCGCTGTGCGGGTTCAAGTCCCGCTCCGGGTACCA	"tRNA-Leu"	"ECDH10B_2050"
"glyX"	GCGGGAATAGCTCAGTTGGTAGAGCACGACCTTGCCAAGGTCGGGGTCGCGAGTTCGAGTCTCGTTTCCCGCTCCA	"tRNA-Gly"	"ECDH10B_4359"
"leuZ"	GCCCGGATGGTGGAATCGGTAGACACAAGGGATTTAAAATCCCTCGGCGTTCGCGCTGTGCGGGTTCAAGTCCCGCTCCGGGTACCA	"tRNA-Leu"	"ECDH10B_2050"
"glyV"	GCGGGAATAGCTCAGTTGGTAGAGCACGACCTTGCCAAGGTCGGGGTCGCGAGTTCGAGTCTCGTTTCCCGCTCCA	"tRNA-Gly"	"ECDH10B_4358"
"ssrS"	ATTTCTCTGAGATGTTCGCAAGCGGGCCAGTCCCCTGAGCCGATATTTCATACCACAAGAATGTGGCGCTCCGCGGTTGGTGAGCATGCTCGGTCCGTCCGAGAAGCCTTAAAACTGCGACGACACATTCACCTTGAACCAAGGGTTCAAGGGTTACAGCCTGCGGCGGCATCTCGGAGATTC	"6S regulatory RNA"	"ECDH10B_3085"
"rttR"	CAAAAGTCCCTGAACTTCCCAACGAATCCGCAATTAAATATTCTGCCCATGCGGGGAAGGATGAGAAGCTTCGACCAAGGTTCGACTCGAGCGCCAGCGAGAGAGCGTTGCCGCAGGCAACGACCCGAAGGGCGAAGCGCGCAGCGCTGAGTAATCCTTCCCCCACCACCA	"regulatory RNA"	"ECDH10B_1288"
"gltT"	GTCCCCTTCGTCTAGAGGCCCAGGACACCGCCCTTTCACGGCGGTAACAGGGGTTCGAATCCCCTAGGGGACGCCA	"tRNA-Glu"	"ECDH10B_4158"
"leuW"	GCGGGAGTGGCGAAATTGGTAGACGCACCAGATTTAGGTTCTGGCGCCGCAAGGTGTGCGAGTTCAAGTCTCGCCTCCCGCACCA	"tRNA-Leu"	"ECDH10B_0737"
"sraD"	TGAAAGACGCGCATTTGTTATCATCATCCCTGAATTCAGAGATGAAATTTTGGCCACTCACGAGTGGCCTTTTTC	"small RNA"	"ECDH10B_2855"
"lysW"	GGGTCGTTAGCTCAGTTGGTAGAGCAGTTGACTTTTAATCAATTGGTCGCAGGTTCGAATCCTGCACGACCCACCA	"tRNA-Lys"	"ECDH10B_0812"
"argX"	GCGCCCGTAGCTCAGCTGGATAGAGCGCTGCCCTCCGGAGGCAGAGGTCTCAGGTTCGAATCCTGTCGGGCGCGCCA	"tRNA-Arg"	"ECDH10B_3986"
"glyT"	GCGGGCATCGTATAATGGCTATTACCTCAGCCTTCCAAGCTGATGATGCGGGTTCGATTCCCGCTGCCCGCTCCA	"tRNA-Gly"	"ECDH10B_4166"
"serV"	GGTGAGGTGGCCGAGAGGCTGAAGGCGCTCCCCTGCTAAGGGAGTATGCGGTCAAAAGCTGCATCCGGGGTTCGAATCCCCGCCTCACCGCCA	"tRNA-Ser"	"ECDH10B_2863"
"argW"	GTCCTCTTAGTTAAATGGATATAACGAGCCCCTCCTAAGGGCTAATTGCAGGTTCGATTCCTGCAGGGGACACCA	"tRNA-Arg"	"ECDH10B_2511"
"aspV"	GGAGCGGTAGTTCAGTCGGTTAGAATACCTGCCTGTCACGCAGGGGGTCGCGGGTTCGAGTCCCGTCCGTTCCGCCA	"tRNA-Asp"	"ECDH10B_0197"
"alaU"	GGGGCTATAGCTCAGCTGGGAGAGCGCCTGCTTTGCACGCAGGAGGTCTGCGGTTCGATCCCGCATAGCTCCACCA	"tRNA-Ala"	"ECDH10B_3451"
"serU"	GGAGAGATGCCGGAGCGGCTGAACGGACCGGTCTCGAAAACCGGAGTAGGGGCAACTCTACCGGGGGTTCAAATCCCCCTCTCTCCGCCA	"tRNA-Ser"	"ECDH10B_2118"
"cysT"	GGCGCGTTAACAAAGCGGTTATGTAGCGGATTGCAAATCCGTCTAGTCCGGTTCGACTCCGGAACGCGCCTCCA	"tRNA-Cys"	"ECDH10B_2051"
"glyY"	GCGGGAATAGCTCAGTTGGTAGAGCACGACCTTGCCAAGGTCGGGGTCGCGAGTTCGAGTCTCGTTTCCCGCTCCA	"tRNA-Gly"	"ECDH10B_4360"
"rygC"	TTGACATCGTTGATTCTTTGACCTAATTTAGTGAGTAAGGGTAAGGGAGGATTGCTCCTCCCCTGAGACTGACTGTTAATAAGCGCTGAAACTTATGAGTAACAGTACAATCAGTATGATGACAAGTCGCATCATAACCCTTCTCCTTCAA	"small RNA"	"ECDH10B_3087"
"glyU"	GCGGGCGTAGTTCAATGGTAGAACGAGAGCTTCCCAAGCTCTATACGAGGGTTCGATTCCCTTCGCCCGCTCCA	"tRNA-Gly"	"ECDH10B_3039"
"serX"	GGTGAGGTGTCCGAGTGGCTGAAGGAGCACGCCTGGAAAGTGTGTATACGGCAACGTATCGGGGGTTCGAATCCCCCCCTCACCGCCA	"tRNA-Ser"	"ECDH10B_1104"
"tyrV"	GGTGGGGTTCCCGAGCGGCCAAAGGGAGCAGACTGTAAATCTGCCGTCATCGACTTCGAAGGTTCGAATCCTTCCCCCACCACCA	"tRNA-Tyr"	"ECDH10B_1290"
"rrlB"	GGTTAAGCGACTAAGCGTACACGGTGGATGCCCTGGCAGTCAGAGGCGATGAAGGACGTGCTAATCTGCGATAAGCGTCGGTAAGGTGATATGAACCGTTATAACCGGCGATTTCCGAATGGGGAAACCCAGTGTGTTTCGACACACTATCATTAACTGAATCCATAGGTTAATGAGGCGAACCGGGGGAACTGAAACATCTAAGTACCCCGAGGAAAAGAAATCAACCGAGATTCCCCCAGTAGCGGCGAGCGAACGGGGAGCAGCCCAGAGCCTGAATCAGTGTGTGTGTTAGTGGAAGCGTCTGGAAAGGCGCGCGATACAGGGTGACAGCCCCGTACACAAAAATGCACATGCTGTGAGCTCGATGAGTAGGGCGGGACACGTGGTATCCTGTCTGAATATGGGGGGACCATCCTCCAAGGCTAAATACTCCTGACTGACCGATAGTGAACCAGTACCGTGAGGGAAAGGCGAAAAGAACCCCGGCGAGGGGAGTGAAAAAGAACCTGAAACCGTGTACGTACAAGCAGTGGGAGCACGCTTAGGCGTGTGACTGCGTACCTTTTGTATAATGGGTCAGCGACTTATATTCTGTAGCAAGGTTAACCGAATAGGGGAGCCGAAGGGAAACCGAGTCTTAACTGGGCGTTAAGTTGCAGGGTATAGACCCGAAACCCGGTGATCTAGCCATGGGCAGGTTGAAGGTTGGGTAACACTAACTGGAGGACCGAACCGACTAATGTTGAAAAATTAGCGGATGACTTGTGGCTGGGGGTGAAAGGCCAATCAAACCGGGAGATAGCTGGTTCTCCCCGAAAGCTATTTAGGTAGCGCCTCGTGAATTCATCTCCGGGGGTAGAGCACTGTTTCGGCAAGGGGGTCATCCCGACTTACCAACCCGATGCAAACTGCGAATACCGGAGAATGTTATCACGGGAGACACACGGCGGGTGCTAACGTCCGTCGTGAAGAGGGAAACAACCCAGACCGCCAGCTAAGGTCCCAAAGTCATGGTTAAGTGGGAAACGATGTGGGAAGGCCCAGACAGCCAGGATGTTGGCTTAGAAGCAGCCATCATTTAAAGAAAGCGTAATAGCTCACTGGTCGAGTCGGCCTGCGCGGAAGATGTAACGGGGCTAAACCATGCACCGAAGCTGCGGCAGCGACGCTTATGCGTTGTTGGGTAGGGGAGCGTTCTGTAAGCCTGCGAAGGTGTGCTGTGAGGCATGCTGGAGGTATCAGAAGTGCGAATGCTGACATAAGTAACGATAAAGCGGGTGAAAAGCCCGCTCGCCGGAAGACCAAGGGTTCCTGTCCAACGTTAATCGGGGCAGGGTGAGTCGACCCCTAAGGCGAGGCCGAAAGGCGTAGTCGATGGGAAACAGGTTAATATTCCTGTACTTGGTGTTACTGCGAAGGGGGGACGGAGAAGGCTATGTTGGCCGGGCGACGGTTGTCCCGGTTTAAGCGTGTAGGCTGGTTTTCCAGGCAAATCCGGAAAATCAAGGCTGAGGCGTGATGACGAGGCACTACGGTGCTGAAGCAACAAATGCCCTGCTTCCAGGAAAAGCCTCTAAGCATCAGGTAACATCAAATCGTACCCCAAACCGACACAGGTGGTCAGGTAGAGAATACCAAGGCGCTTGAGAGAACTCGGGTGAAGGAACTAGGCAAAATGGTGCCGTAACTTCGGGAGAAGGCACGCTGATATGTAGGTGAGGTCCCTCGCGGATGGAGCTGAAATCAGTCGAAGATACCAGCTGGCTGCAACTGTTTATTAAAAACACAGCACTGTGCAAACACGAAAGTGGACGTATACGGTGTGACGCCTGCCCGGTGCCGGAAGGTTAATTGATGGGGTTAGCGCAAGCGAAGCTCTTGATCGAAGCCCCGGTAAACGGCGGCCGTAACTATAACGGTCCTAAGGTAGCGAAATTCCTTGTCGGGTAAGTTCCGACCTGCACGAATGGCGTAATGATGGCCAGGCTGTCTCCACCCGAGACTCAGTGAAATTGAACTCGCTGTGAAGATGCAGTGTACCCGCGGCAAGACGGAAAGACCCCGTGAACCTTTACTATAGCTTGACACTGAACATTGAGCCTTGATGTGTAGGATAGGTGGGAGGCTTTGAAGTGTGGACGCCAGTCTGCATGGAGCCGACCTTGAAATACCACCCTTTAATGTTTGATGTTCTAACGTTGACCCGTAATCCGGGTTGCGGACAGTGTCTGGTGGGTAGTTTGACTGGGGCGGTCTCCTCCTAAAGAGTAACGGAGGAGCACGAAGGTTGGCTAATCCTGGTCGGACATCAGGAGGTTAGTGCAATGGCATAAGCCAGCTTGACTGCGAGCGTGACGGCGCGAGCAGGTGCGAAAGCAGGTCATAGTGATCCGGTGGTTCTGAATGGAAGGGCCATCGCTCAACGGATAAAAGGTACTCCGGGGATAACAGGCTGATACCGCCCAAGAGTTCATATCGACGGCGGTGTTTGGCACCTCGATGTCGGCTCATCACATCCTGGGGCTGAAGTAGGTCCCAAGGGTATGGCTGTTCGCCATTTAAAGTGGTACGCGAGCTGGGTTTAGAACGTCGTGAGACAGTTCGGTCCCTATCTGCCGTGGGCGCTGGAGAACTGAGGGGGGCTGCTCCTAGTACGAGAGGACCGGAGTGGACGCATCACTGGTGTTCGGGTTGTCATGCCAATGGCACTGCCCGGTAGCTAAATGCGGAAGAGATAAGTGCTGAAAGCATCTAAGCACGAAACTTGCCCCGAGATGAGTTCTCCCTGACCCTTTAAGGGTCCTGAAGGAACGTTGAAGACGACGACGTTGATAGGCCGGGTGTGTAAGCGCAGCGATGCGTTGAGCTAACCGGTACTAATGAACCGTGAGGCTTAACCTT	"23S ribosomal RNA"	"ECDH10B_4159"
"serT"	GGAAGTGTGGCCGAGCGGTTGAAGGCACCGGTCTTGAAAACCGGCGACCCGAAAGGGTTCCAGAGTTCGAATCTCTGCGCTTCCGCCA	"tRNA-Ser"	"ECDH10B_1041"
"argQ"	GCATCCGTAGTTCAGCTGGATAGAGTACTCGGCTACGAACCGAGCGGTCGGAGGTTCGAATCCTCCCGGATGCACCA	"tRNA-Arg"	"ECDH10B_2859"
"valZ"	GGGTGATTAGCTCAGCTGGGAGAGCACCTCCCTTACAAGGAGGGGGTCGGCGGTTCGATCCCGTCATCACCCACCA	"tRNA-Val"	"ECDH10B_0813"
"hisR"	GGTGGCTATAGCTCAGTTGGTAGAGCCCTGGATTGTGATTCCAGTTGTCGTGGGTTCGAATCCCATTAGCCACCCCA	"tRNA-His"	"ECDH10B_3987"
"glyW"	GCGGGAATAGCTCAGTTGGTAGAGCACGACCTTGCCAAGGTCGGGGTCGCGAGTTCGAGTCTCGTTTCCCGCTCCA	"tRNA-Gly"	"ECDH10B_2052"
"serW"	GGTGAGGTGTCCGAGTGGCTGAAGGAGCACGCCTGGAAAGTGTGTATACGGCAACGTATCGGGGGTTCGAATCCCCCCCTCACCGCCA	"tRNA-Ser"	"ECDH10B_0953"
"alaX"	GGGGCTATAGCTCAGCTGGGAGAGCGCTTGCATGGCATGCAAGAGGTCAGCGGTTCGATCCCGCTTAGCTCCACCA	"tRNA-Ala"	"ECDH10B_2560"
"thrW"	GCCGATATAGCTCAGTTGGTAGAGCAGCGCATTCGTAATGCGAAGGTCGTAGGTTCGACTCCTATTATCGGCACCA	"tRNA-Thr"	"ECDH10B_0226"
"ileU"	AGGCTTGTAGCTCAGGTGGTTAGAGCGCACCCCTGATAAGGGTGAGGTCGGTGGTTCAAGTCCACTCAGGCCTACCA	"tRNA-Ile"	"ECDH10B_3452"
"thrT"	GCTGATATAGCTCAGTTGGTAGAGCGCACCCTTGGTAAGGGTGAGGTCGGCAGTTCGAATCTGCCTATCAGCACCA	"tRNA-Thr"	"ECDH10B_4167"
"glyW"	GCGGGAATAGCTCAGTTGGTAGAGCACGACCTTGCCAAGGTCGGGGTCGCGAGTTCGAGTCTCGTTTCCCGCTCCA	"tRNA-Gly"	"ECDH10B_2052"
"leuX"	GCCGAAGTGGCGAAATCGGTAGACGCAGTTGATTCAAAATCAACCGTAGAAATACGTGCCGGTTCGAGTCCGGCCTTCGGCACCA	"tRNA-Leu"	"ECDH10B_4463"
"pheV"	GCCCGGATAGCTCAGTCGGTAGAGCAGGGGATTGAAAATCCCCGTGTCCTTGGTTCGATTCCGAGTCCGGGCACCA	"tRNA-Phe"	"ECDH10B_3146"
"glnU"	TGGGGTATCGCCAAGCGGTAAGGCACCGGTTTTTGATACCGGCATTCCCTGGTTCGAATCCAGGTACCCCAGCCA	"tRNA-Gln"	"ECDH10B_0736"
"thrU"	GCCGACTTAGCTCAGTAGGTAGAGCAACTGACTTGTAATCAGTAGGTCACCAGTTCGATTCCGGTAGTCGGCACCA	"tRNA-Thr"	"ECDH10B_4164"
"tyrT"	GGTGGGGTTCCCGAGCGGCCAAAGGGAGCAGACTGTAAATCTGCCGTCATCGACTTCGAAGGTTCGAATCCTTCCCCCACCACCA	"tRNA-Tyr"	"ECDH10B_1291"
"rrfB"	TGCCTGGCGGCAGTAGCGCGGTGGTCCCACCTGACCCCATGCCGAACTCAGAAGTGAAACGCCGTAGCGCCGATGGTAGTGTGGGGTCTCCCCATGCGAGAGTAGGGAACTGCCAGGCAT	"5S ribosomal RNA"	"ECDH10B_4160"
"thrV"	GCTGATATGGCTCAGTTGGTAGAGCGCACCCTTGGTAAGGGTGAGGTCCCCAGTTCGACTCTGGGTATCAGCACCA	"tRNA-Thr"	"ECDH10B_3448"
"argZ"	GCATCCGTAGCTCAGCTGGATAGAGTACTCGGCTACGAACCGAGCGGTCGGAGGTTCGAATCCTCCCGGATGCACCA	"tRNA-Arg"	"ECDH10B_2860"
"lysY"	GGGTCGTTAGCTCAGTTGGTAGAGCAGTTGACTTTTAATCAATTGGTCGCAGGTTCGAATCCTGCACGACCCACCA	"tRNA-Lys"	"ECDH10B_0814"
"leuT"	GCGAAGGTGGCGGAATTGGTAGACGCGCTAGCTTCAGGTGTTAGTGTCCTTACGGACGTGGGGGTTCAAGTCCCCCCCCTCGCACCA	"tRNA-Leu"	"ECDH10B_3988"
"glnW"	TGGGGTATCGCCAAGCGGTAAGGCACCGGTTTTTGATACCGGCATTCCCTGGTTCGAATCCAGGTACCCCAGCCA	"tRNA-Gln"	"ECDH10B_0735"
"thrW"	GCCGATATAGCTCAGTTGGTAGAGCAGCGCATTCGTAATGCGAAGGTCGTAGGTTCGACTCCTATTATCGGCACCA	"tRNA-Thr"	"ECDH10B_0226"
"alaW"	GGGGCTATAGCTCAGCTGGGAGAGCGCTTGCATGGCATGCAAGAGGTCAGCGGTTCGATCCCGCTTAGCTCCACCA	"tRNA-Ala"	"ECDH10B_2561"
"ffs"	GGGGGCTCTGTTGGTTCTCCCGCAACGCTACTCTGTTTACCAGGTCAGGTCCGGAAGGAAGCAGCCAAGGCAGATGACGCGTGTGCCGGGATGTAGCTGGCAGGGCCCCCACCC	"4.5S RNA"	"ECDH10B_0411"
"rrsD"	AAATTGAAGAGTTTGATCATGGCTCAGATTGAACGCTGGCGGCAGGCCTAACACATGCAAGTCGAACGGTAACAGGAAACAGCTTGCTGTTTCGCTGACGAGTGGCGGACGGGTGAGTAATGTCTGGGAAACTGCCTGATGGAGGGGGATAACTACTGGAAACGGTAGCTAATACCGCATAACGTCGCAAGACCAAAGAGGGGGACCCTCGGGCCTCTTGCCATCGGATGTGCCCAGATGGGATTAGCTTGTTGGTGGGGTAACGGCTCACCAAGGCGACGATCCCTAGCTGGTCTGAGAGGATGACCAGCCACACTGGAACTGAGACACGGTCCAGACTCCTACGGGAGGCAGCAGTGGGGAATATTGCACAATGGGCGCAAGCCTGATGCAGCCATGCCGCGTGTATGAAGAAGGCCTTCGGGTTGTAAAGTACTTTCAGCGGGGAGGAAGGGAGTAAAGTTAATACCTTTGCTCATTGACGTTACCCGCAGAAGAAGCACCGGCTAACTCCGTGCCAGCAGCCGCGGTAATACGGAGGGTGCAAGCGTTAATCGGAATTACTGGGCGTAAAGCGCACGCAGGCGGTTTGTTAAGTCAGATGTGAAATCCCCGGGCTCAACCTGGGAACTGCATCTGATACTGGCAAGCTTGAGTCTCGTAGAGGGGGGTAGAATTCCAGGTGTAGCGGTGAAATGCGTAGAGATCTGGAGGAATACCGGTGGCGAAGGCGGCCCCCTGGACGAAGACTGACGCTCAGGTGCGAAAGCGTGGGGAGCAAACAGGATTAGATACCCTGGTAGTCCACGCCGTAAACGATGTCGACTTGGAGGTTGTGCCCTTGAGGCGTGGCTTCCGGAGCTAACGCGTTAAGTCGACCGCCTGGGGAGTACGGCCGCAAGGTTAAAACTCAAATGAATTGACGGGGGCCCGCACAAGCGGTGGAGCATGTGGTTTAATTCGATGCAACGCGAAGAACCTTACCTGGTCTTGACATCCACGGAAGTTTTCAGAGATGAGAATGTGCCTTCGGGAACCGTGAGACAGGTGCTGCATGGCTGTCGTCAGCTCGTGTTGTGAAATGTTGGGTTAAGTCCCGCAACGAGCGCAACCCTTATCCTTTGTTGCCAGCGGTCCGGCCGGGAACTCAAAGGAGACTGCCAGTGATAAACTGGAGGAAGGTGGGGATGACGTCAAGTCATCATGGCCCTTACGACCAGGGCTACACACGTGCTACAATGGCGCATACAAAGAGAAGCGACCTCGCGAGAGCAAGCGGACCTCATAAAGTGCGTCGTAGTCCGGATTGGAGTCTGCAACTCGACTCCATGAAGTCGGAATCGCTAGTAATCGTGGATCAGAATGCCACGGTGAATACGTTCCCGGGCCTTGTACACACCGCCCGTCACACCATGGGAGTGGGTTGCAAAAGAAGTAGGTAGCTTAACCTTCGGGAGGGCGCTTACCACTTTGTGATTCATGACTGGGGTGAAGTCGTAACAAGGTAACCGTAGGGGAACCTGCGGTTGGATCACCTCCTTA	"16S ribosomal RNA"	"ECDH10B_3453"
"ileT"	AGGCTTGTAGCTCAGGTGGTTAGAGCGCACCCCTGATAAGGGTGAGGTCGGTGGTTCAAGTCCACTCAGGCCTACCA	"tRNA-Ile"	"ECDH10B_4041"
"dsrA"	AACACATCAGATTTCCTGGTGTAACGAATTTTTTAAGTGCTTCTTGCTTAAGCAAGTTTCATCCCGACCCCCTCAGGGTCGGGATTT	"regulatory anti-sense RNA"	"ECDH10B_2096"
"leuV"	GCGAAGGTGGCGGAATTGGTAGACGCGCTAGCTTCAGGTGTTAGTGTCCTTACGGACGTGGGGGTTCAAGTCCCCCCCCTCGCACCA	"tRNA-Leu"	"ECDH10B_4525"
"ileU"	AGGCTTGTAGCTCAGGTGGTTAGAGCGCACCCCTGATAAGGGTGAGGTCGGTGGTTCAAGTCCACTCAGGCCTACCA	"tRNA-Ile"	"ECDH10B_3452"
"glnV"	TGGGGTATCGCCAAGCGGTAAGGCACCGGATTCTGATTCCGGCATTCCGAGGTTCGAATCCTCGTACCCCAGCCA	"tRNA-Gln"	"ECDH10B_0733"
"rygD"	TTGACGCTGATTTTTTTTCAACCTAAAGTAAAGGAACAAGGGTGAGGGAGGATTTCTCCCCCCTCTGATTGGCTGTTAATAAGCTGCGAAACTTACGAGTAACAACACAATCAGTATGATGACGAGCTTCATCATAACCCTTTCCTTCTG	"small RNA"	"ECDH10B_3226"
"isrA"	TGAAATCTGTCACTGAAGAAAATTGGCAACTAAAGGTTAAAACCGTTATAACACAGTCACCGGCGCAGAGGAGACAATGCCGGATTTAAGACGCGGATGCACTGCTGTGTGTACTGTAGAGTCTGGCGGATGTCGACAGACTCTATTTTTTTATGCAG	"small RNA"	"ECDH10B_1460"
"thrU"	GCCGACTTAGCTCAGTAGGTAGAGCAACTGACTTGTAATCAGTAGGTCACCAGTTCGATTCCGGTAGTCGGCACCA	"tRNA-Thr"	"ECDH10B_4164"
"ileX"	GGCCCCTTAGCTCAGTGGTTAGAGCAGGCGACTCATAATCGCTTGGTCGCTGGTTCAAGTCCAGCAGGGGCCACCA	"tRNA-Ile"	"ECDH10B_3244"
"argY"	GCATCCGTAGCTCAGCTGGATAGAGTACTCGGCTACGAACCGAGCGGTCGGAGGTTCGAATCCTCCCGGATGCACCA	"tRNA-Arg"	"ECDH10B_2861"
"lysZ"	GGGTCGTTAGCTCAGTTGGTAGAGCAGTTGACTTTTAATCAATTGGTCGCAGGTTCGAATCCTGCACGACCCACCA	"tRNA-Lys"	"ECDH10B_0815"
"proM"	CGGCGAGTAGCGCAGCTTGGTAGCGCAACTGGTTTGGGACCAGTGGGTCGGAGGTTCGAATCCTCTCTCGCCGACCA	"tRNA-Pro"	"ECDH10B_3989"
"glnX"	TGGGGTATCGCCAAGCGGTAAGGCACCGGATTCTGATTCCGGCATTCCGAGGTTCGAATCCTCGTACCCCAGCCA	"tRNA-Gln"	"ECDH10B_0732"
"ileY"	GGCCCTTTAGCTCAGTGGTTAGAGCAGGCGACTCATAATCGCTTGGTCGCTGGTTCAAGTCCAGCAAGGGCCACCA	"tRNA-Ile"	"ECDH10B_2820"
"valU"	GGGTGATTAGCTCAGCTGGGAGAGCACCTCCCTTACAAGGAGGGGGTCGGCGGTTCGATCCCGTCATCACCCACCA	"tRNA-Val"	"ECDH10B_2565"
"sroB"	ACACCGTCGCTTAAAGTGACGGCATAATAATAAAAAAATGAAATTCCTCTTTGACGGGCCAATAGCGATATTGGCCATTTTTTT	"small RNA"	"ECDH10B_0438"
"ryhB"	GCGATCAGGAAGACCCTCGCGGAGAACCTGAAAGCACGACATTGCTCACATTGCTTCCAGTATTACTTAGCCAGCCGGGTGCTGGCTTTTTTTT	"regulatory RNA"	"ECDH10B_3614"
"ileV"	AGGCTTGTAGCTCAGGTGGTTAGAGCGCACCCCTGATAAGGGTGAGGTCGGTGGTTCAAGTCCACTCAGGCCTACCA	"tRNA-Ile"	"ECDH10B_0183"
"serU"	GGAGAGATGCCGGAGCGGCTGAACGGACCGGTCTCGAAAACCGGAGTAGGGGCAACTCTACCGGGGGTTCAAATCCCCCTCTCTCCGCCA	"tRNA-Ser"	"ECDH10B_2118"
"leuP"	GCGAAGGTGGCGGAATTGGTAGACGCGCTAGCTTCAGGTGTTAGTGTTCTTACGGACGTGGGGGTTCAAGTCCCCCCCCTCGCACCA	"tRNA-Leu"	"ECDH10B_4526"
"ileX"	GGCCCCTTAGCTCAGTGGTTAGAGCAGGCGACTCATAATCGCTTGGTCGCTGGTTCAAGTCCAGCAGGGGCCACCA	"tRNA-Ile"	"ECDH10B_3244"
"gltV"	GTCCCCTTCGTCTAGAGGCCCAGGACACCGCCCTTTCACGGCGGTAACAGGGGTTCGAATCCCCTAGGGGACGCCA	"tRNA-Glu"	"ECDH10B_4197"
"metY"	CGCGGGGTGGAGCAGCCTGGTAGCTCGTCGGGCTCATAACCCGAAGATCGTCGGTTCAAATCCGGCCCCCGCAACCA	"tRNA-Met"	"ECDH10B_3345"
"micC"	GTTATATGCCTTTATTGTCACAGAATTTATTTTCTGTTGGGCCATTGCATTGCCACTGATTTTCCAACATATAAAAAGACAAGCCCGAACAGTCGTCCGGGCTTTTTTT	"regulatory antisense RNA"	"ECDH10B_1501"
"tyrU"	GGTGGGGTTCCCGAGCGGCCAAAGGGAGCAGACTGTAAATCTGCCGTCACAGACTTCGAAGGTTCGAATCCTTCCCCCACCACCA	"tRNA-Tyr"	"ECDH10B_4165"
"metV"	CGCGGGGTGGAGCAGCCTGGTAGCTCGTCGGGCTCATAACCCGAAGGTCGTCGGTTCAAATCCGGCCCCCGCAACCA	"tRNA-Met"	"ECDH10B_2986"
"argV"	GCATCCGTAGCTCAGCTGGATAGAGTACTCGGCTACGAACCGAGCGGTCGGAGGTTCGAATCCTCCCGGATGCACCA	"tRNA-Arg"	"ECDH10B_2862"
"lysQ"	GGGTCGTTAGCTCAGTTGGTAGAGCAGTTGACTTTTAATCAATTGGTCGCAGGTTCGAATCCTGCACGACCCACCA	"tRNA-Lys"	"ECDH10B_0816"
"ryiA"	GTAGATGCTCATTCCATCTCTTATGTTCGCCTTAGTGCCTCATAAACTCCGGAATGACGCAGAGCCGTTTACGGTGCTTATCGTCCACTGACAGATGTCGCTTATGCCTCATCAGACACCATGGACACAACGTTGAGTGAAGCACCCACTTGTTGTCATACAGACCTGTTTT	"regulatory RNA"	"ECDH10B_3992"
"gltT"	GTCCCCTTCGTCTAGAGGCCCAGGACACCGCCCTTTCACGGCGGTAACAGGGGTTCGAATCCCCTAGGGGACGCCA	"tRNA-Glu"	"ECDH10B_4158"
"metW"	CGCGGGGTGGAGCAGCCTGGTAGCTCGTCGGGCTCATAACCCGAAGGTCGTCGGTTCAAATCCGGCCCCCGCAACCA	"tRNA-Met"	"ECDH10B_2985"
"valX"	GGGTGATTAGCTCAGCTGGGAGAGCACCTCCCTTACAAGGAGGGGGTCGGCGGTTCGATCCCGTCATCACCCACCA	"tRNA-Val"	"ECDH10B_2566"
"argU"	GCGCCCTTAGCTCAGTTGGATAGAGCAACGACCTTCTAAGTCGTGGGCCGCAGGTTCGAATCCTGCAGGGCGCGCCA	"tRNA-Arg"	"ECDH10B_0492"
"gadY"	ACTGAGAGCACAAAGTTTCCCGTGCCAACAGGGAGTGTTATAACGGTTTATTAGTCTGGAGACGGCAGACTATCCTCTTCCCGGTCCCCTATGCCGGGTTTTTTT	"small RNA"	"ECDH10B_3692"
"metZ"	CGCGGGGTGGAGCAGCCTGGTAGCTCGTCGGGCTCATAACCCGAAGGTCGTCGGTTCAAATCCGGCCCCCGCAACCA	"tRNA-Met"	"ECDH10B_2984"
"asnT"	TCCTCTGTAGTTCAGTCGGTAGAACGGCGGACTGTTAATCCGTATGTCACTGGTTCGAGTCCAGTCAGAGGAGCCA	"tRNA-Asn"	"ECDH10B_2120"
"leuQ"	GCGAAGGTGGCGGAATTGGTAGACGCGCTAGCTTCAGGTGTTAGTGTCCTTACGGACGTGGGGGTTCAAGTCCCCCCCCTCGCACCA	"tRNA-Leu"	"ECDH10B_4527"
"metT"	GGCTACGTAGCTCAGTTGGTTAGAGCACATCACTCATAATGATGGGGTCACAGGTTCGAATCCCGTCGTAGCCACCA	"tRNA-Met"	"ECDH10B_0738"
"gltU"	GTCCCCTTCGTCTAGAGGCCCAGGACACCGCCCTTTCACGGCGGTAACAGGGGTTCGAATCCCCTAGGGGACGCCA	"tRNA-Glu"	"ECDH10B_3946"
"sraF"	GCAAAGGGGAGTAACTTCATTGCCGGTCGATCGTCATTACGATGTGTGAAAAAACACATCCGGTCACCGGGCAACCCGAAAGGAATACGCAGACGTATTCCTTTTTTGTTGTAAGTGAGACCTTGCCGGAAGGCGAGGTCTATGCATAAAAAGCAGCGGCTGACGTCTTCCGACGTTGGCCGTTTTTT	"small RNA"	"ECDH10B_3263"
"sokB"	GCTAGGTTCATTCGTTGGCCTCGGTTGATAGAAATATCGGTCGGGGCCTTCGT	"regulatory antisense RNA"	"ECDH10B_1548"
"glyT"	GCGGGCATCGTATAATGGCTATTACCTCAGCCTTCCAAGCTGATGATGCGGGTTCGATTCCCGCTGCCCGCTCCA	"tRNA-Gly"	"ECDH10B_4166"
"metU"	GGCTACGTAGCTCAGTTGGTTAGAGCACATCACTCATAATGATGGGGTCACAGGTTCGAATCCCGTCGTAGCCACCA	"tRNA-Met"	"ECDH10B_0734"
"serV"	GGTGAGGTGGCCGAGAGGCTGAAGGCGCTCCCCTGCTAAGGGAGTATGCGGTCAAAAGCTGCATCCGGGGTTCGAATCCCCGCCTCACCGCCA	"tRNA-Ser"	"ECDH10B_2863"
"rybA"	TCATCCCTCAAGGATCGACGGGATTAGCAAGTCAGGAGGTCTTATGAATGAGTTCAAGAGGTGTATGCGCGTGTTTAGTCATTCTCCCT	"small RNA"	"ECDH10B_0885"
"rrsA"	AAATTGAAGAGTTTGATCATGGCTCAGATTGAACGCTGGCGGCAGGCCTAACACATGCAAGTCGAACGGTAACAGGAAGAAGCTTGCTTCTTTGCTGACGAGTGGCGGACGGGTGAGTAATGTCTGGGAAACTGCCTGATGGAGGGGGATAACTACTGGAAACGGTAGCTAATACCGCATAACGTCGCAAGACCAAAGAGGGGGACCTTCGGGCCTCTTGCCATCGGATGTGCCCAGATGGGATTAGCTAGTAGGTGGGGTAACGGCTCACCTAGGCGACGATCCCTAGCTGGTCTGAGAGGATGACCAGCCACACTGGAACTGAGACACGGTCCAGACTCCTACGGGAGGCAGCAGTGGGGAATATTGCACAATGGGCGCAAGCCTGATGCAGCCATGCCGCGTGTATGAAGAAGGCCTTCGGGTTGTAAAGTACTTTCAGCGGGGAGGAAGGGAGTAAAGTTAATACCTTTGCTCATTGACGTTACCCGCAGAAGAAGCACCGGCTAACTCCGTGCCAGCAGCCGCGGTAATACGGAGGGTGCAAGCGTTAATCGGAATTACTGGGCGTAAAGCGCACGCAGGCGGTTTGTTAAGTCAGATGTGAAATCCCCGGGCTCAACCTGGGAACTGCATCTGATACTGGCAAGCTTGAGTCTCGTAGAGGGGGGTAGAATTCCAGGTGTAGCGGTGAAATGCGTAGAGATCTGGAGGAATACCGGTGGCGAAGGCGGCCCCCTGGACGAAGACTGACGCTCAGGTGCGAAAGCGTGGGGAGCAAACAGGATTAGATACCCTGGTAGTCCACGCCGTAAACGATGTCGACTTGGAGGTTGTGCCCTTGAGGCGTGGCTTCCGGAGCTAACGCGTTAAGTCGACCGCCTGGGGAGTACGGCCGCAAGGTTAAAACTCAAATGAATTGACGGGGGCCCGCACAAGCGGTGGAGCATGTGGTTTAATTCGATGCAACGCGAAGAACCTTACCTGGTCTTGACATCCACGGAAGTTTTCAGAGATGAGAATGTGCCTTCGGGAACCGTGAGACAGGTGCTGCATGGCTGTCGTCAGCTCGTGTTGTGAAATGTTGGGTTAAGTCCCGCAACGAGCGCAACCCTTATCCTTTGTTGCCAGCGGTCCGGCCGGGAACTCAAAGGAGACTGCCAGTGATAAACTGGAGGAAGGTGGGGATGACGTCAAGTCATCATGGCCCTTACGACCAGGGCTACACACGTGCTACAATGGCGCATACAAAGAGAAGCGACCTCGCGAGAGCAAGCGGACCTCATAAAGTGCGTCGTAGTCCGGATTGGAGTCTGCAACTCGACTCCATGAAGTCGGAATCGCTAGTAATCGTGGATCAGAATGCCACGGTGAATACGTTCCCGGGCCTTGTACACACCGCCCGTCACACCATGGGAGTGGGTTGCAAAAGAAGTAGGTAGCTTAACCTTCGGGAGGGCGCTTACCACTTTGTGATTCATGACTGGGGTGAAGTCGTAACAAGGTAACCGTAGGGGAACCTGCGGTTGGATCACCTCCTTA	"16S ribosomal RNA"	"ECDH10B_4040"
"gltW"	GTCCCCTTCGTCTAGAGGCCCAGGACACCGCCCTTTCACGGCGGTAACAGGGGTTCGAATCCCCTAGGGGACGCCA	"tRNA-Glu"	"ECDH10B_2758"
"pheU"	GCCCGGATAGCTCAGTCGGTAGAGCAGGGGATTGAAAATCCCCGTGTCCTTGGTTCGATTCCGAGTCCGGGCACCA	"tRNA-Phe"	"ECDH10B_4327"
"valY"	GGGTGATTAGCTCAGCTGGGAGAGCACCTCCCTTACAAGGAGGGGGTCGGCGGTTCGATCCCGTCATCACCCACCA	"tRNA-Val"	"ECDH10B_2567"
"glnX"	TGGGGTATCGCCAAGCGGTAAGGCACCGGATTCTGATTCCGGCATTCCGAGGTTCGAATCCTCGTACCCCAGCCA	"tRNA-Gln"	"ECDH10B_0732"
"rdlD"	GTCTAGAGTCAAGATTAGCCCCCGTGGTGTTGTCAGGTGCATACCTGCAACGTGCGGGGGTTTT	"regulatory antisense RNA"	"ECDH10B_3717"
"pheV"	GCCCGGATAGCTCAGTCGGTAGAGCAGGGGATTGAAAATCCCCGTGTCCTTGGTTCGATTCCGAGTCCGGGCACCA	"tRNA-Phe"	"ECDH10B_3146"
"asnW"	TCCTCTGTAGTTCAGTCGGTAGAACGGCGGACTGTTAATCCGTATGTCACTGGTTCGAGTCCAGTCAGAGGAGCCA	"tRNA-Asn"	"ECDH10B_2128"
"aspT"	GGAGCGGTAGTTCAGTCGGTTAGAATACCTGCCTGTCACGCAGGGGGTCGCGGGTTCGAGTCCCGTCCGTTCCGCCA	"tRNA-Asp"	"ECDH10B_3949"
"rnpB"	GAAGCTGACCAGACAGTCGCCGCTTCGTCGTCGTCCTCTTCGGGGGAGACGGGCGGAGGGGAGGAAAGTCCGGGCTCCATAGGGCAGGGTGCCAGGTAACGCCTGGGGGGGAAACCCACGACCAGTGCAACAGAGAGCAAACCGCCGATGGCCCGCGCAAGCGGGATCAGGTAAGGGTGAAAGGGTGCGGTAAGAGCGCACCGCGCGGCTGGTAACAGTCCGTGGCACGGTAAACTCCACCCGGAGCAAGGCCAAATAGGGGTTCATAAGGTACGGCCCGTACTGAACCCGGGTAGGCTGCTTGAGCCAGTGAGCGATTGCTGGCCTAGATGAATGACTGTCCACGACAGAACCCGGCTTATCGGTCAGTTTCACCT	"RNase P RNA component precursor RnpB"	"ECDH10B_3296"
"dicF"	TTTCTGGTGACGTTTGGCGGTATCAGTTTTACTCCGTGACTGCTCTGCCGCCC	"DicF antisense RNA"	"ECDH10B_1706"
"thrT"	GCTGATATAGCTCAGTTGGTAGAGCGCACCCTTGGTAAGGGTGAGGTCGGCAGTTCGAATCTGCCTATCAGCACCA	"tRNA-Thr"	"ECDH10B_4167"
"aspV"	GGAGCGGTAGTTCAGTCGGTTAGAATACCTGCCTGTCACGCAGGGGGTCGCGGGTTCGAGTCCCGTCCGTTCCGCCA	"tRNA-Asp"	"ECDH10B_0197"
"csrB"	GAGTCAGACAACGAAGTGAACATCAGGATGATGACACTTCTGCAGGACACACCAGGATGGTGTTTCAGGGAAAGGCTTCTGGATGAAGCGAAGAGGATGACGCAGGACGCGTTAAAGGACACCTCCAGGATGGAGAATGAGAACCGGTCAGGATGATTCGGTGGGTCAGGAAGGCCAGGGACACTTCAGGATGAAGTATCACATCGGGGTGGTGTGAGCAGGAAGCAATAGTTCAGGATGAACGATTGGCCGCAAGGCCAGAGGAAAAGTTGTCAAGGATGAGCAGGGAGCAACAAAAGTAGCTGGAATGCTGCGAAACGAACCGGGAGCGCTGTGAATACAGTGCTCCCTTTTTTTATT	"regulatory RNA"	"ECDH10B_2961"
"rybB"	ACTGCTTTTCTTTGATGTCCCCATTTTGTGGAGCCCATCAACCCCGCCATTTCGGTTCAAGGTTGATGGGTTTTTTGTT	"small RNA"	"ECDH10B_0916"
"ileT"	AGGCTTGTAGCTCAGGTGGTTAGAGCGCACCCCTGATAAGGGTGAGGTCGGTGGTTCAAGTCCACTCAGGCCTACCA	"tRNA-Ile"	"ECDH10B_4041"
"trpT"	AGGGGCGTAGTTCAATTGGTAGAGCACCGGTCTCCAAAACCGGGTGTTGGGAGTTCGAGTCTCTCCGCCCCTGCCA	"tRNA-Trp"	"ECDH10B_3950"
"aspU"	GGAGCGGTAGTTCAGTCGGTTAGAATACCTGCCTGTCACGCAGGGGGTCGCGGGTTCGAGTCCCGTCCGTTCCGCCA	"tRNA-Asp"	"ECDH10B_0187"
"lysV"	GGGTCGTTAGCTCAGTTGGTAGAGCAGTTGACTTTTAATCAATTGGTCGCAGGTTCGAATCCTGCACGACCCACCA	"tRNA-Lys"	"ECDH10B_2568"
"glnV"	TGGGGTATCGCCAAGCGGTAAGGCACCGGATTCTGATTCCGGCATTCCGAGGTTCGAATCCTCGTACCCCAGCCA	"tRNA-Gln"	"ECDH10B_0733"
"proK"	CGGTGATTGGCGCAGCCTGGTAGCGCACTTCGTTCGGGACGAAGGGGTCGGAGGTTCGAATCCTCTATCACCGACCA	"tRNA-Pro"	"ECDH10B_3724"
"asnV"	TCCTCTGTAGTTCAGTCGGTAGAACGGCGGACTGTTAATCCGTATGTCACTGGTTCGAGTCCAGTCAGAGGAGCCA	"tRNA-Asn"	"ECDH10B_2133"
"asnU"	TCCTCTGTAGTTCAGTCGGTAGAACGGCGGACTGTTAATCCGTATGTCACTGGTTCGAGTCCAGTCAGAGGAGCCA	"tRNA-Asn"	"ECDH10B_2130"
